,region_id,population,country_id
0,272,1241185,1
1,273,656495,1
2,274,970010,1
3,275,1312520,1
4,276,509567,1
5,277,630514,1
6,278,1202486,1
7,279,856963,1
8,280,829953,1
9,281,1010006,1
10,282,2410845,1
11,283,516805,1
12,284,4830980,1
13,285,1458557,1
14,286,474686,1
15,287,825140,1
16,288,518506,1
17,289,899212,1
18,290,529683,1
19,291,454562,1
20,292,1779822,1
21,293,166003,1
22,294,174312,1
23,295,473240,1
24,296,625963,1
25,297,674991,1
26,298,432292,1
27,299,608787,1
28,300,1172770,1
29,301,386536,1
30,302,723865,1
31,303,330648,1
32,99878,487998,1
33,99879,158803,1
34,900483,1241239,1
35,900484,656515,1
36,900485,970010,1
37,900486,1312279,1
38,900487,509307,1
39,900488,510317,1
40,900489,630639,1
41,900490,1202493,1
42,900491,858028,1
43,900492,829201,1
44,900493,1010827,1
45,900494,2410235,1
46,900495,516816,1
47,900496,4830980,1
48,900497,1433916,1
49,900498,474686,1
50,900499,825815,1
51,900500,518133,1
52,900501,899235,1
53,900502,529683,1
54,900503,454562,1
55,900504,1780037,1
56,900505,166107,1
57,900506,174276,1
58,900507,473418,1
59,900508,625837,1
60,900509,158803,1
61,900510,674991,1
62,900511,432292,1
63,900512,608787,1
64,900513,1172383,1
65,900514,387598,1
66,900515,723865,1
67,900516,330654,1
68,304,6394,2
69,305,79365,3
70,306,24433,3
71,307,13926,3
72,308,23827,3
73,309,46460,3
74,310,216827,3
75,311,164509,3
76,312,141908,3
77,313,30095,3
78,314,18166,3
79,315,16429,3
80,316,50157,3
81,317,7985,3
82,318,105772,3
83,319,57394,3
84,320,21044,3
85,321,39634,3
86,322,40245,3
87,323,64403,3
88,324,45833,3
89,325,97431,3
90,326,27155,3
91,327,17442,3
92,328,33466,3
93,329,14939,3
94,330,20798,3
95,331,11494,3
96,332,55754,3
97,333,11254,3
98,334,42996,3
99,335,154105,3
100,336,10028,3
101,337,12956,3
102,338,945274,3
103,339,17411,3
104,340,112879,3
105,341,546381,4
106,342,923038,4
107,343,433014,4
108,344,4279872,4
109,345,817116,4
110,346,1497023,4
111,347,336555,4
112,348,988261,4
113,349,1007454,4
114,350,1433086,4
115,351,745206,4
116,352,798676,4
117,353,1059773,4
118,354,1206212,4
119,355,1250228,4
120,356,1680075,4
121,357,340414,4
122,358,881040,4
123,359,483956,4
124,360,462493,4
125,361,564021,4
126,362,88579,4
127,363,715202,4
128,364,474473,4
129,365,741796,4
130,366,948806,4
131,367,885316,4
132,368,898782,4
133,369,874195,4
134,370,1297879,4
135,371,350796,4
136,372,2156196,4
137,373,781806,4
138,374,780703,4
139,375,855713,4
140,376,412013,4
141,377,1766096,4
142,378,722376,4
143,379,1057647,4
144,380,561396,4
145,381,245398,4
146,382,800350,4
147,383,100079,4
148,384,1152302,4
149,385,696734,4
150,386,649817,4
151,387,1154903,4
152,388,1101997,4
153,389,51262,5
154,391,26384,7
155,392,9464,7
156,393,21381,7
157,394,21805,7
158,395,14039,7
159,396,8110,7
160,397,10335,7
161,398,649467,8
162,399,1973503,8
163,400,1078887,8
164,401,1378871,8
165,402,422421,8
166,403,1892312,8
167,404,1247671,8
168,405,1684331,8
169,406,3206859,8
170,407,299044,8
171,408,16573563,8
172,409,892490,8
173,410,510636,8
174,411,948363,8
175,412,1200435,8
176,413,637907,8
177,414,923545,8
178,415,833976,8
179,416,3355,9
180,417,2685,9
181,418,1436,9
182,419,944,9
183,420,1327,9
184,421,1582,9
185,422,534,9
186,424,579,9
187,425,332,9
188,40206,1894,11
189,40208,10415,11
190,40209,51969,11
191,40210,7264,11
192,40211,8628,11
193,40212,5838,11
194,40213,3574,11
195,429,17911478,12
196,430,2607176,12
197,431,410871,12
198,432,1140297,12
199,433,645327,12
200,434,3618205,12
201,435,1075724,12
202,436,1331189,12
203,437,584278,12
204,438,748703,12
205,439,345225,12
206,440,393675,12
207,441,1938330,12
208,442,1306288,12
209,443,660330,12
210,444,751040,12
211,445,1393167,12
212,446,763013,12
213,447,520054,12
214,448,411288,12
215,449,3426543,12
216,450,959051,12
217,451,161953,12
218,452,1582656,12
219,453,131312,13
220,454,225013,13
221,455,257866,13
222,456,214003,13
223,457,349535,13
224,458,189559,13
225,460,215835,13
226,461,109483,13
227,462,105149,13
228,463,43635,13
229,464,939503,13
230,900833,969118,13
231,900834,135791,13
232,900835,261338,13
233,900836,270427,13
234,900837,215472,13
235,900838,191343,13
236,900839,266572,13
237,900840,217511,13
238,900841,111446,13
239,900842,46793,13
240,900843,111194,13
241,465,115263,14
242,70036,1194956,15
243,70037,185254,15
244,900005,641906,15
245,467,0,16
246,468,356572,17
247,470,6741109,17
248,471,205405,17
249,472,814,17
250,473,4246681,17
251,474,1578287,17
252,475,472829,17
253,476,5319773,17
254,477,2196199,17
255,478,351817,18
256,479,556257,18
257,480,1690526,18
258,481,1450407,18
259,482,539440,18
260,483,1243721,18
261,484,756677,18
262,485,389272,18
263,486,1825538,18
264,493,1675073,19
265,516,1273734,19
266,528,483338,19
267,534,1624014,19
268,536,908055,19
269,541,426898,19
270,558,600079,19
271,147298,2009930,19
272,147299,317426,19
273,147302,267440,19
274,147306,655378,19
275,561,353248,20
276,562,215777,21
277,563,33571,21
278,564,171,21
279,565,7776,21
280,566,106439,21
281,567,180573,21
282,568,268579,21
283,569,132207,21
284,570,86731,21
285,571,260233,21
286,572,128586,21
287,573,245091,21
288,575,8310235,23
289,576,31920452,23
290,577,57322532,23
291,578,16459322,23
292,579,20613574,23
293,580,12100613,23
294,61363,17637100,23
295,900396,379721,23
296,900397,8111123,23
297,900398,31856028,23
298,900399,45248260,23
299,900400,16609495,23
300,900401,12094344,23
301,900402,20676144,23
302,900403,17685506,23
303,900404,12080382,23
304,581,43164,24
305,582,5025,24
306,583,23526,24
307,584,36890,24
308,585,11271,24
309,586,6144,24
310,587,12455,24
311,588,77673,24
312,589,13269,24
313,590,34169,24
314,591,18329,24
315,593,1329592,26
316,594,1361740,26
317,595,975023,26
318,596,2592442,26
319,597,828570,26
320,598,987604,26
321,599,1104129,26
322,600,1250852,27
323,601,6593758,27
324,602,3761558,27
325,603,132781,28
326,604,87945,28
327,605,48106,28
328,606,57183,28
329,607,49999,28
330,608,34690,28
331,609,1225382,29
332,610,1044243,29
333,611,1875719,29
334,612,1678512,29
335,613,853893,29
336,614,899577,29
337,615,718683,29
338,616,673115,29
339,617,614862,29
340,618,1467742,29
341,619,820208,29
342,620,1088094,29
343,621,42697,30
344,622,19955,31
345,623,101507,31
346,624,31788,31
347,625,3206,31
348,626,13769,31
349,627,17031,31
350,628,49529,31
351,629,44198,31
352,630,29034,31
353,631,25083,31
354,632,79558,31
355,633,81742,31
356,634,50527,31
357,635,116879,31
358,636,20251,31
359,637,65570,31
360,638,17807,31
361,639,24082,31
362,640,63914,31
363,641,24168,31
364,648,197672,33
365,40443,475821,33
366,40444,626899,33
367,40445,2060434,33
368,40446,3108039,33
369,40447,598494,33
370,40448,940770,33
371,40449,3286394,33
372,40450,569713,33
373,901145,494954,33
374,901146,623529,33
375,901147,2040761,33
376,901148,3103299,33
377,901149,600580,33
378,901150,197905,33
379,901151,939568,33
380,901152,3291115,33
381,901153,569751,33
382,901154,139,33
383,901155,159,33
384,652,2207344,34
385,653,1148015,34
386,654,717736,35
387,655,29493,35
388,656,56287,35
389,657,59984,35
390,658,112551,35
391,659,391656,35
392,660,182346,35
393,661,187899,35
394,662,420329,35
395,663,247680,35
396,665,937801,37
397,666,3454732,37
398,667,883967,37
399,668,4408725,37
400,669,15136805,37
401,670,9591872,37
402,671,3220128,37
403,672,3928100,37
404,673,7319855,37
405,674,7739246,37
406,675,3842956,37
407,676,2919037,37
408,677,21632034,37
409,678,9687721,37
410,679,4136476,37
411,680,11462822,37
412,681,9768094,37
413,682,3436277,37
414,683,17810958,37
415,684,3636831,37
416,685,11288380,37
417,686,1824051,37
418,687,633594,37
419,688,7302132,37
420,689,46165080,37
421,690,2410813,37
422,691,1709840,37
423,39503,296,39
424,39504,271,39
425,39505,23,39
426,39506,25101,39
427,39507,3869,39
428,698,70550,40
429,699,327451,40
430,700,13014,40
431,701,47166,40
432,702,296849,41
433,703,405174,41
434,704,164416,41
435,705,106558,41
436,706,220568,41
437,707,113875,41
438,708,141621,41
439,709,119027,41
440,710,118424,41
441,711,121372,41
442,712,244183,41
443,713,185861,41
444,714,223449,41
445,715,651144,41
446,716,104496,41
447,717,201897,41
448,718,161570,41
449,719,109372,41
450,720,180213,41
451,721,103031,41
452,722,294275,41
453,723,1275730,41
454,724,302057,41
455,725,107761,41
456,726,483562,41
457,727,229413,41
458,728,81882,41
459,729,155913,41
460,40276,1934182,42
461,40277,1134725,42
462,40278,4212156,42
463,40279,1729814,42
464,40280,1741365,42
465,40281,1704047,42
466,40282,880946,42
467,40283,2031446,42
468,40284,2478724,42
469,40285,1597595,42
470,40286,933220,42
471,40287,1490156,42
472,40288,944189,42
473,900712,1929705,42
474,900713,1125538,42
475,900714,4218334,42
476,900715,1695128,42
477,900716,1741685,42
478,900717,1709756,42
479,900718,889771,42
480,900719,2066212,42
481,900720,2470556,42
482,900721,1603165,42
483,900722,943437,42
484,900723,1459850,42
485,900724,944294,42
486,40542,423842,43
487,40543,873128,43
488,40544,795274,43
489,40545,853250,43
490,40546,337694,43
491,40547,587674,43
492,40548,888590,43
493,40549,530726,43
494,40550,863607,43
495,40551,863390,43
496,40552,575960,43
497,40553,358069,43
498,40554,1049363,43
499,40555,346472,43
500,40556,841855,43
501,40557,534866,43
502,40558,608023,43
503,900102,434132,43
504,900103,419118,43
505,791,938546,44
506,792,1965315,44
507,793,1932288,44
508,794,555023,44
509,795,926298,44
510,796,759909,44
511,797,781966,44
512,798,1597513,44
513,799,150640,44
514,800,46246,44
515,801,459274,44
516,802,272582,44
517,803,161839,44
518,804,1247014,44
519,805,408341,44
520,806,2336409,44
521,807,397014,44
522,808,955471,44
523,809,445568,44
524,810,280863,44
525,811,1340851,44
526,812,172737,44
527,813,502236,44
528,814,929606,44
529,65289,339,44
530,65290,12000,44
531,900411,11334,44
532,900412,938163,44
533,900413,1962982,44
534,900414,955350,44
535,900415,548897,44
536,900416,905583,44
537,900417,756700,44
538,900418,782308,44
539,900419,1360444,44
540,900420,45637,44
541,900421,127580,44
542,900422,457131,44
543,900423,163306,44
544,900424,1237795,44
545,900425,403631,44
546,900426,2585599,44
547,900427,294376,44
548,900428,401815,44
549,900429,958946,44
550,900430,450115,44
551,900431,280888,44
552,900432,1343693,44
553,900433,171728,44
554,900434,511249,44
555,900435,938211,44
556,900436,983048,44
557,815,1466567,45
558,816,5796141,45
559,817,1089130,45
560,818,4632798,45
561,819,4305318,45
562,820,3193533,45
563,821,2341166,45
564,822,2148112,45
565,823,985850,45
566,824,2113661,45
567,900959,1464934,45
568,900960,5796768,45
569,900961,1087881,45
570,900962,4667798,45
571,900963,4210594,45
572,900964,3186228,45
573,900965,2341519,45
574,900966,2147651,45
575,900967,985125,45
576,900968,2091526,45
577,825,4395918,46
578,826,4908477,46
579,827,1329178,46
580,828,782159,46
581,829,502192,46
582,830,41140,46
583,831,915466,46
584,832,32294,46
585,833,14170416,46
586,834,143921,46
587,835,8519727,46
588,836,1167129,46
589,837,41304,46
590,838,19252,47
591,839,3989,47
592,840,21,47
593,841,35107,47
594,842,10,47
595,843,10,47
596,844,5811,47
597,845,17,47
598,846,21707,47
599,847,10,47
600,848,289535,47
601,849,43534,47
602,850,11659,47
603,851,79005,47
604,68742,64491,48
605,68743,1296,48
606,68744,884,48
607,853,59901,49
608,854,340137,49
609,855,79606,49
610,856,124520,49
611,857,162617,49
612,858,339497,49
613,859,500763,49
614,860,220483,49
615,861,161795,49
616,862,321262,49
617,863,524221,49
618,864,379896,49
619,865,508428,49
620,866,591599,49
621,867,139390,49
622,868,74668,49
623,67154,809412,49
624,870,1031000,50
625,873,793610,50
626,875,324099,50
627,876,878055,50
628,881,425333,50
629,12904,259172,50
630,12905,439539,50
631,12907,275191,50
632,12908,399259,50
633,12909,42942,50
634,12910,547124,50
635,12911,313706,50
636,12912,2144892,50
637,12914,447506,50
638,12915,847411,50
639,12918,934375,50
640,12919,286963,50
641,12920,635905,50
642,12921,424092,50
643,12922,771274,50
644,12923,582405,50
645,12924,245162,50
646,12925,876054,50
647,12926,456773,50
648,12927,850928,50
649,12928,499249,50
650,12930,335148,50
651,12931,515656,50
652,900172,449526,50
653,900173,697321,50
654,900174,269621,50
655,900175,832176,50
656,900176,315109,50
657,900177,106521,50
658,900178,793898,50
659,900179,787403,50
660,900180,540386,50
661,900181,624517,50
662,900182,879737,50
663,900183,1201395,50
664,900184,878234,50
665,900185,1071800,50
666,900186,781693,50
667,900187,797641,50
668,900188,1397717,50
669,900189,1171990,50
670,900190,423771,50
671,900191,636463,50
672,900192,864663,50
673,900193,42539,50
674,900194,1018701,50
675,883,709890,51
676,884,1135789,51
677,885,327773,51
678,886,123084,51
679,887,2286115,51
680,888,905176,51
681,889,1029488,51
682,890,1027643,51
683,891,160944,51
684,892,1154586,51
685,893,8720721,51
686,895,461688,51
687,896,2110572,51
688,91503,179348,51
689,91504,412259,51
690,897,40094,52
691,898,59896404,53
692,899,28213524,53
693,900,27151304,53
694,901,39472604,53
695,902,26108888,53
696,903,124314072,53
697,904,48116268,53
698,905,34424812,53
699,906,9733051,53
700,907,77492816,53
701,908,40180124,53
702,909,98009040,53
703,911,55615412,53
704,912,68204600,53
705,913,83039120,53
706,914,49645784,53
707,915,28198504,53
708,916,45657044,53
709,917,26934768,53
710,918,7393436,53
711,919,6601297,53
712,920,39214344,53
713,921,101018504,53
714,922,31823894,53
715,923,39299904,53
716,924,80420640,53
717,926,16968212,53
718,927,26007470,53
719,928,3470541,53
720,929,49773036,53
721,930,62641920,53
722,931,1838,54
723,933,359,56
724,934,141531,57
725,935,7928416,57
726,936,461364,57
727,937,3259440,57
728,938,3217860,57
729,939,1534885,57
730,941,1082928,57
731,942,671302,57
732,943,860529,57
733,944,1872821,57
734,945,1219591,57
735,946,639629,57
736,947,2513131,57
737,948,14062328,57
738,949,114108,57
739,950,1577289,57
740,951,178336,57
741,952,1489539,57
742,953,1549060,57
743,954,1405040,57
744,955,2154208,57
745,956,1598936,57
746,957,562863,57
747,958,707907,57
748,959,1094046,57
749,960,102328,57
750,961,2717147,57
751,962,1065486,57
752,963,1784532,57
753,964,5487773,57
754,965,103180,57
755,966,101550,57
756,901156,7930232,57
757,901157,3082308,57
758,901158,10061854,57
759,901159,3263243,57
760,901160,1481104,57
761,901161,1068968,57
762,901162,664570,57
763,901163,1843061,57
764,901164,1237361,57
765,901165,2533166,57
766,901166,4080845,57
767,901167,690850,57
768,901168,1446803,57
769,901169,1482949,57
770,901170,1752860,57
771,901171,1283927,57
772,901172,2185661,57
773,901173,1570295,57
774,901174,706515,57
775,901175,1126848,57
776,901176,2705609,57
777,901177,1026056,57
778,901178,1746364,57
779,901179,5617113,57
780,901180,451891,57
781,901181,906384,57
782,901182,543276,57
783,901183,102328,57
784,901184,142452,57
785,901185,116688,57
786,901186,183849,57
787,901187,102730,57
788,901188,97261,57
789,967,65078,58
790,968,333632,58
791,969,452249,58
792,970,255512,59
793,971,233241,59
794,972,189945,59
795,973,230066,59
796,974,165602,59
797,975,1054810,59
798,976,160334,59
799,977,114007,59
800,978,423858,59
801,979,110554,59
802,900002,276760,59
803,900003,783472,59
804,980,15914,60
805,981,978014,61
806,982,542329,61
807,983,392455,61
808,984,513780,61
809,985,432096,61
810,986,462314,61
811,987,1492981,61
812,988,107421,62
813,989,105482,62
814,990,754093,62
815,991,196435,62
816,992,120375,62
817,993,109193,62
818,994,149993,62
819,995,45262,62
820,996,104598,62
821,997,287031,62
822,998,73401,62
823,1000,98773,62
824,1001,164421,62
825,1002,147444,62
826,1003,426074,62
827,1004,161960,62
828,1005,75579,62
829,1006,162829,62
830,1007,174270,62
831,1008,346313,62
832,900026,281544,62
833,1009,777813,63
834,1010,410176,63
835,1011,403334,63
836,1012,1858462,63
837,1013,832899,63
838,1014,575854,63
839,1015,1069225,63
840,1016,77210,63
841,1017,899965,63
842,1018,519007,63
843,1019,698120,63
844,1020,729255,63
845,1021,504393,63
846,1022,1001988,63
847,1023,730197,63
848,1024,244721,64
849,1025,68241,64
850,1026,161345,64
851,1027,279810,64
852,1028,472729,64
853,1029,118651,64
854,1030,711826,65
855,1031,2074444,65
856,1032,1565679,65
857,1033,1184524,65
858,1034,1816277,65
859,1035,1366086,65
860,1036,1237485,65
861,1037,884289,65
862,1040,2692382,66
863,1041,343501,66
864,1043,1467712,66
865,1044,1642717,66
866,1045,2728611,66
867,1048,1978280,66
868,1050,1337352,66
869,1051,1614962,66
870,1053,1062497,66
871,16838,405690,66
872,16840,1900490,66
873,16845,1024301,66
874,40692,2861567,66
875,900025,5450126,66
876,1054,1434506,67
877,1055,388489,67
878,1056,1446832,67
879,1058,2360777,67
880,1059,1803602,67
881,1060,2907061,67
882,1061,2993870,67
883,1062,2941995,67
884,1063,3142299,67
885,1064,3157561,67
886,1065,764098,67
887,1066,8553457,68
888,1067,3004779,68
889,1068,11026867,68
890,1069,13515202,68
891,1070,10040941,68
892,1071,28281910,68
893,1072,7850570,68
894,1073,3071970,68
895,1074,9391261,68
896,1075,13394677,68
897,1076,6308998,68
898,900143,5674065,68
899,900144,3529128,68
900,900145,6212139,68
901,900146,3008013,68
902,900147,1717903,68
903,900148,4479438,68
904,900149,2356058,68
905,900150,2402447,68
906,900151,3060707,68
907,900152,1577978,68
908,900153,2307201,68
909,900154,1678479,68
910,900155,1520478,68
911,900156,2126189,68
912,900157,9388370,68
913,900158,3071970,68
914,900159,4017391,68
915,900160,7972880,68
916,900161,5538392,68
917,900162,10750496,68
918,900163,200078,68
919,900164,4166797,68
920,900165,7214859,68
921,900166,6300509,68
922,900167,6247093,68
923,900168,7853027,68
924,901011,6351,68
925,901012,58798,68
926,901013,7497,68
927,1077,748909,69
928,1078,37479,69
929,1079,114401,69
930,1081,490968,69
931,1083,509653,69
932,1084,226117,69
933,1085,287944,69
934,1087,244335,69
935,1088,247263,69
936,1090,390265,69
937,1091,316626,69
938,1092,241565,69
939,40856,390103,69
940,40857,1288087,69
941,40858,245308,69
942,1093,145838,70
943,1094,155805,70
944,1095,607375,70
945,1096,69536,70
946,1097,167523,70
947,900405,147561,70
948,900406,72793,70
949,900407,115465,70
950,900408,574259,70
951,900409,68512,70
952,900410,167487,70
953,1098,9411,71
954,1099,13987,71
955,1100,16472,71
956,1101,4978,71
957,1102,6035,71
958,1103,1219,71
959,1104,570,71
960,1105,7812,71
961,1106,8125,71
962,1107,1064,71
963,1108,251173,72
964,1109,153755,72
965,1110,217198,72
966,1111,68101,72
967,1112,3317913,72
968,1113,353053,72
969,1114,90961,72
970,1115,319956,72
971,1116,69617,72
972,1117,535451,72
973,1118,70766,72
974,1119,296972,72
975,1120,473648,72
976,1121,192976,72
977,1122,184997,72
978,1123,59981,72
979,1124,285423,72
980,1125,343844,72
981,1126,95375,72
982,1127,114057,72
983,1128,700778,72
984,1129,241845,72
985,1130,389913,72
986,1131,162248,72
987,1132,1068456,72
988,1133,54288,72
989,1134,231149,72
990,36854,105832,72
991,36855,189415,72
992,36856,240945,72
993,36857,61149,72
994,36858,1085691,72
995,901058,1270,72
996,901059,321587,72
997,901060,342528,72
998,901061,1068578,72
999,901062,477347,72
1000,901063,160954,72
1001,901064,188908,72
1002,901065,352855,72
1003,901066,191946,72
1004,901067,95223,72
1005,901068,114286,72
1006,901069,73151,72
1007,901070,183736,72
1008,901071,54224,72
1009,901072,232139,72
1010,901073,250820,72
1011,901074,287162,72
1012,901075,692347,72
1013,901076,60731,72
1014,901077,156561,72
1015,901078,214141,72
1016,901079,71455,72
1017,901080,63385,72
1018,901081,73035,72
1019,901082,241936,72
1020,901083,92275,72
1021,901084,535330,72
1022,901085,296233,72
1023,901086,389513,72
1024,901087,239637,72
1025,901088,105677,72
1026,901089,1083785,72
1027,901090,3327461,72
1028,1135,862345,73
1029,1136,201886,73
1030,1137,247171,73
1031,1138,179675,73
1032,1139,528557,73
1033,1140,486196,73
1034,1141,685466,73
1035,1142,665515,73
1036,1143,33162,73
1037,1144,4299369,73
1038,1145,466815,73
1039,1146,500257,73
1040,1147,945526,73
1041,1148,1601678,73
1042,1149,196221,73
1043,1150,173995,73
1044,1151,226217,73
1045,1152,118199,73
1046,1153,3232509,73
1047,1154,252729,73
1048,1155,586114,73
1049,1156,114080,73
1050,1157,40427,73
1051,22007,404821,73
1052,22008,483412,73
1053,2746,902635,74
1054,2747,958540,74
1055,2748,1903568,74
1056,2750,6244942,74
1057,2751,2054634,74
1058,2754,686509,74
1059,2765,1132363,74
1060,2766,444515,74
1061,2768,942184,74
1062,37021,1551975,74
1063,1184,379671,75
1064,1185,163509,75
1065,1186,245192,75
1066,1187,303829,75
1067,1188,853706,75
1068,1189,380009,75
1069,1190,226078,75
1070,1191,194580,75
1071,1192,480667,75
1072,1193,1828897,75
1073,1194,184720,75
1074,1195,594899,75
1075,1196,535986,75
1076,1197,380260,75
1077,900381,380640,75
1078,900382,162738,75
1079,900383,240808,75
1080,900384,303303,75
1081,900385,857528,75
1082,900386,375885,75
1083,900387,228459,75
1084,900388,195289,75
1085,900389,474956,75
1086,900390,1817881,75
1087,900391,183287,75
1088,900392,603902,75
1089,900393,528462,75
1090,900394,379739,75
1091,900395,25690,75
1092,1198,3397,76
1093,1199,323680,76
1094,1200,35874,76
1095,1201,150641,76
1096,1202,178277,76
1097,1203,391459,76
1098,1204,212704,76
1099,1205,523389,77
1100,1206,4952,77
1101,1207,971255,77
1102,1208,111290,77
1103,1209,933892,77
1104,1210,521944,77
1105,1211,1142349,77
1106,1212,620795,78
1107,1213,6422,78
1108,1214,173392,78
1109,1215,25918,78
1110,1216,26635,78
1111,1217,54663,78
1112,1218,19944,78
1113,1219,78771,78
1114,1220,26915,78
1115,1221,49711,78
1116,1222,44981,78
1117,1223,154928,78
1118,1224,26415,78
1119,1225,41962,78
1120,1226,29594,78
1121,149727,343,78
1122,1227,3502603,79
1123,1228,1861717,79
1124,1229,22334584,79
1125,1230,1152606,79
1126,1231,467138,79
1127,1232,583902,79
1128,1233,254980,79
1129,1236,21576006,79
1130,1237,5930411,79
1131,47678,39829760,79
1132,47679,6396318,79
1133,900532,3425390,79
1134,900533,2000717,79
1135,900534,22352252,79
1136,900535,1221300,79
1137,900536,463096,79
1138,900537,549788,79
1139,900538,250961,79
1140,900539,39817616,79
1141,900540,21585668,79
1142,900541,6509676,79
1143,900542,5713558,79
1144,1239,2248,81
1145,1240,50899,82
1146,40187,382378,83
1147,40188,29916,83
1148,40189,120564,83
1149,40190,322373,83
1150,1242,22260,84
1151,1243,560238,84
1152,1244,175626,84
1153,1245,493759,84
1154,1246,2311273,84
1155,1247,1919125,84
1156,1248,1971245,85
1157,1249,3602730,85
1158,1250,1405973,85
1159,1251,1535428,85
1160,1252,1691761,85
1161,1253,3454318,85
1162,1254,2681504,85
1163,1255,1354576,85
1164,1256,351648,85
1165,1257,1242807,85
1166,1258,1899262,85
1167,1259,12766260,85
1168,1260,2970726,85
1169,1262,784406,85
1170,1263,2431443,85
1171,1264,3315359,85
1172,1265,4071594,85
1173,1266,3969498,85
1174,1267,1993389,85
1175,1268,1912465,85
1176,1269,5075771,85
1177,1270,6926355,85
1178,1271,205076,86
1179,1272,142964,86
1180,1273,278863,87
1181,1275,1083628,89
1182,1276,814751,89
1183,1277,104361,89
1184,1278,150578,89
1185,1279,72437,89
1186,1280,97572,89
1187,1281,120374,89
1188,1282,193153,89
1189,1283,330936,89
1190,1285,248444,90
1191,1287,85611,90
1192,1288,289122,90
1193,1289,272946,90
1194,1290,1067856,90
1195,112869,439443,90
1196,1296,264291,92
1197,1297,317926,92
1198,1298,108264,92
1199,1299,458771,92
1200,1300,283804,92
1201,1301,745716,92
1202,1302,130315,92
1203,1303,24062,92
1204,1304,282989,92
1205,1305,151197,92
1206,1306,225824,92
1207,1307,734231,92
1208,1308,10365696,93
1209,1309,12565531,93
1210,1310,3123370,93
1211,1311,2502804,93
1212,1312,550651,93
1213,1313,1533575,93
1214,1314,5900511,93
1215,1315,1472710,93
1216,1316,7707438,93
1217,1317,17015174,93
1218,1318,3962209,93
1219,1319,929626,93
1220,1320,3776724,93
1221,1321,2025500,93
1222,1322,2896350,93
1223,1323,1952172,93
1224,1324,6775423,94
1225,1325,2943349,94
1226,1326,2921109,94
1227,1327,3411597,94
1228,1328,5565015,94
1229,1329,3480054,94
1230,1330,1180814,94
1231,1331,849376,94
1232,1332,2967590,94
1233,1333,3042327,94
1234,900854,6772914,94
1235,900855,2936722,94
1236,900856,2940196,94
1237,900857,3391135,94
1238,900858,5565317,94
1239,900859,3481744,94
1240,900860,1182743,94
1241,900861,840469,94
1242,900862,2967098,94
1243,900863,3049756,94
1244,1334,23545,95
1245,1336,600882,97
1246,1337,3618291,97
1247,1338,629811,97
1248,1339,275027,97
1249,1340,189816,97
1250,1341,326400,97
1251,1342,1646714,97
1252,1343,639567,97
1253,1345,543675,97
1254,1346,530700,97
1255,1347,710888,97
1256,1348,186109,97
1257,40766,292110,97
1258,1349,727,98
1259,1350,1118,98
1260,1351,41655,98
1261,1352,16256,99
1262,1353,25923,99
1263,1354,30534,99
1264,1355,8115,99
1265,1356,3542,99
1266,1357,9424,99
1267,1358,453927,100
1268,1359,161011,101
1269,900004,73809,102
1270,64821,3623551,103
1271,64822,208150,103
1272,64823,369884,103
1273,64824,791079,103
1274,64825,809291,103
1275,64826,438953,103
1276,64827,560135,103
1277,64828,619461,103
1278,64829,975581,103
1279,64830,678191,103
1280,64831,349172,103
1281,64832,1264338,103
1282,64833,1385636,103
1283,64834,1335006,103
1284,64835,361019,103
1285,64836,1478266,103
1286,64837,879004,103
1287,64838,489506,103
1288,64839,257911,103
1289,64840,453123,103
1290,64841,414632,103
1291,64842,525345,103
1292,40222,1346,104
1293,40223,7743,104
1294,40224,2513,104
1295,40225,41,104
1296,40226,2538,104
1297,40227,7605,104
1298,40228,1488,104
1299,40229,17389,104
1300,40230,6317,104
1301,40231,2388,104
1302,40232,434,104
1303,40233,963,104
1304,40234,7528,104
1305,1385,245381,105
1306,1386,126021,105
1307,1387,30153,105
1308,1388,171484,105
1309,1389,268531,105
1310,1390,262502,105
1311,1391,63017,105
1312,1392,515550,105
1313,1393,74909,105
1314,40700,1073942,106
1315,40701,1442246,106
1316,40702,1091113,106
1317,40703,2518341,106
1318,40704,2150301,106
1319,40705,1076861,106
1320,40706,778146,106
1321,40707,1713928,106
1322,900027,2047208,106
1323,900028,1177035,106
1324,1398,28560,107
1325,1399,23104,107
1326,1400,299214,107
1327,1401,94045,107
1328,1402,114384,107
1329,1403,49696,107
1330,1404,42354,107
1331,1405,11645,107
1332,1406,38096,107
1333,1407,27820,107
1334,1409,2314229,108
1335,1410,946561,108
1336,1411,622452,108
1337,1412,1363129,108
1338,1413,466609,108
1339,1414,989275,108
1340,1415,5834299,108
1341,1416,881295,108
1342,1417,754054,108
1343,72912,452848,108
1344,901001,5830533,108
1345,901002,750981,108
1346,901003,1363129,108
1347,901004,463611,108
1348,901005,2314229,108
1349,901006,943110,108
1350,901007,881295,108
1351,901008,622452,108
1352,901009,989275,108
1353,901010,452848,108
1354,1419,3999,110
1355,1420,467575,111
1356,1421,465945,111
1357,1422,394287,111
1358,1423,606994,111
1359,1424,449125,111
1360,1425,1818970,111
1361,1426,1735025,111
1362,1427,105723,111
1363,1428,270270,111
1364,1429,73564,111
1365,1430,211108,111
1366,1431,362184,111
1367,1432,99,111
1368,1433,170882,111
1369,1434,660985,111
1370,1435,460158,111
1371,1436,492401,111
1372,1437,176860,111
1373,1438,632364,111
1374,901014,568,111
1375,901015,498997,111
1376,901016,355531,111
1377,901017,605318,111
1378,901018,437820,111
1379,901019,1817224,111
1380,901020,464742,111
1381,901021,512597,111
1382,901022,1740678,111
1383,901023,106133,111
1384,901024,268639,111
1385,901025,75631,111
1386,901026,228817,111
1387,901027,373793,111
1388,901028,175672,111
1389,901029,594673,111
1390,901030,484923,111
1391,901031,179903,111
1392,901032,640233,111
1393,901033,359,111
1394,1440,448065,113
1395,1441,329861,113
1396,1442,312714,113
1397,1443,632003,113
1398,1444,1698446,113
1399,1445,364482,113
1400,1446,457644,113
1401,1447,433537,113
1402,1448,595060,113
1403,1449,290211,113
1404,1450,353498,113
1405,1451,235070,113
1406,1452,173923,113
1407,1453,1205963,113
1408,1454,283075,113
1409,1455,568906,113
1410,1456,202498,113
1411,1457,235920,113
1412,1458,310977,113
1413,1459,235406,113
1414,1460,28532,114
1415,1461,217,114
1416,1462,1874,114
1417,1463,1777,114
1418,1464,9326,114
1419,1465,571,114
1420,1466,24377,114
1421,1467,37360,114
1422,1468,212800,114
1423,1469,1934,114
1424,1471,2966,114
1425,1472,5898,114
1426,1473,2644,114
1427,1474,7009,114
1428,1475,4328,114
1429,1476,3846,114
1430,1477,568,114
1431,1478,5557,114
1432,1479,2339,114
1433,1480,985,114
1434,1481,890,114
1435,1482,1629,114
1436,1483,851,114
1437,1484,372278,115
1438,1485,93727088,115
1439,1487,35240968,115
1440,1488,128304208,115
1441,1489,18961364,115
1442,1490,1550113,115
1443,1491,69826256,115
1444,1492,29914736,115
1445,1493,7831666,115
1446,1494,70120752,115
1447,1495,33977988,115
1448,1496,45751,115
1449,1497,86050440,115
1450,1498,128238664,115
1451,1500,3571403,115
1452,1501,4248675,115
1453,1502,1381618,115
1454,1503,2009252,115
1455,1504,47512916,115
1456,1505,31218326,115
1457,1506,82020088,115
1458,1507,674877,115
1459,1508,82991728,115
1460,1509,4423469,115
1461,1510,236499184,115
1462,1511,102399688,115
1463,70074,829497,115
1464,70075,30139576,115
1465,70076,519687,115
1466,70077,295869,115
1467,70078,40076732,115
1468,70080,1194364,115
1469,70082,12238169,115
1470,900482,612768,115
1471,900618,53438820,115
1472,900619,40288248,115
1473,1512,4817707,116
1474,1513,4801766,116
1475,1514,1867868,116
1476,1515,3833066,116
1477,1516,10564112,116
1478,1518,3997838,116
1479,1519,52612264,116
1480,1520,33595328,116
1481,1521,39735792,116
1482,1522,5248278,116
1483,1523,4504486,116
1484,1524,2754660,116
1485,1525,5164946,116
1486,1526,8744129,116
1487,1527,1764856,116
1488,1528,5076514,116
1489,1529,5591248,116
1490,1530,8224714,116
1491,1531,9146905,116
1492,1532,3292525,116
1493,1533,2974458,116
1494,1534,2752788,116
1495,1535,5566239,116
1496,1536,8109280,116
1497,1537,14593465,116
1498,73609,1603113,116
1499,73610,14157993,116
1500,73611,1255560,116
1501,73612,1429948,116
1502,73614,2298419,116
1503,73616,1784806,116
1504,73617,6692935,116
1505,73619,1724537,116
1506,1539,2085521,117
1507,1540,1474957,117
1508,1541,879741,117
1509,1542,3970826,117
1510,1543,5503971,117
1511,1544,4658979,117
1512,1545,2627867,117
1513,1546,1845231,117
1514,1547,7983673,117
1515,1548,1809312,117
1516,1549,576899,117
1517,1550,3234744,117
1518,1551,4740064,117
1519,1552,642006,117
1520,1553,1546748,117
1521,1554,9722,117
1522,1555,1754180,117
1523,1556,1441943,117
1524,1557,3150280,117
1525,1558,645683,117
1526,1559,2456528,117
1527,1560,15727060,117
1528,1561,3379304,117
1529,1562,1153831,117
1530,1563,1118566,117
1531,33110,1275832,117
1532,33111,1935730,117
1533,33112,1329079,117
1534,33113,1363038,117
1535,900029,1443685,117
1536,900030,2611846,117
1537,900031,3144702,117
1538,900032,3974588,117
1539,900033,3384076,117
1540,900034,2087992,117
1541,900035,4742368,117
1542,900036,4658196,117
1543,900037,3250507,117
1544,900038,6246619,117
1545,900039,5484395,117
1546,900040,2443144,117
1547,900041,1539755,117
1548,900042,1845751,117
1549,900043,876985,117
1550,900044,1751440,117
1551,900045,576698,117
1552,900046,645836,117
1553,900047,1451021,117
1554,900048,1123895,117
1555,900049,647275,117
1556,900050,1254194,117
1557,900051,1851482,117
1558,900052,12574785,117
1559,900053,1270644,117
1560,900054,1417507,117
1561,900055,1343661,117
1562,900056,1932254,117
1563,900057,959288,117
1564,900058,694735,117
1565,900059,3104309,117
1566,900060,4625,117
1567,900061,13712,117
1568,1564,2069768,118
1569,1565,3383447,118
1570,1566,990453,118
1571,1567,1873089,118
1572,1568,1653244,118
1573,1569,2681017,118
1574,1570,1792045,118
1575,1571,2330682,118
1576,1572,8242789,118
1577,1573,2500447,118
1578,1574,2703872,118
1579,1575,1657588,118
1580,1576,1470412,118
1581,1577,1338393,118
1582,1578,4215084,118
1583,1579,1628457,118
1584,1580,2282730,118
1585,1581,1548814,118
1586,1582,63514,119
1587,1583,95874,119
1588,1584,129055,119
1589,1585,593331,119
1590,1586,188704,119
1591,1587,1503306,119
1592,1588,284319,119
1593,1589,157217,119
1594,1590,268625,119
1595,1591,120458,119
1596,1592,122430,119
1597,1593,39342,119
1598,1594,210765,119
1599,1595,50551,119
1600,1596,145107,119
1601,1597,143259,119
1602,1598,234890,119
1603,1599,70036,119
1604,1601,90406,119
1605,1602,79519,119
1606,1603,77074,119
1607,1604,179649,119
1608,1605,122154,119
1609,1606,97229,119
1610,1607,173259,119
1611,1608,161798,119
1612,61305,1387,120
1613,61306,1578,120
1614,61307,1139,120
1615,61308,12115,120
1616,61309,431,120
1617,61310,2326,120
1618,61311,19436,120
1619,61312,2298,120
1620,61313,984,120
1621,61314,1187,120
1622,61315,1939,120
1623,61316,1715,120
1624,61317,3092,120
1625,61318,2781,120
1626,61319,2799,120
1627,61320,1784,120
1628,61321,11430,120
1629,61322,2098,120
1630,61323,5002,120
1631,61324,1542,120
1632,61325,1920,120
1633,61326,6167,120
1634,61327,2725,120
1635,61328,902,120
1636,1610,2347711,121
1637,1611,953489,121
1638,1612,1077952,121
1639,1613,1506943,121
1640,1614,1257446,121
1641,1615,1418549,121
1642,1616,1338510,122
1643,1617,562294,122
1644,1618,1892080,122
1645,1619,5802324,122
1646,1620,4687546,122
1647,1621,1256353,122
1648,1622,5880809,122
1649,1623,1392581,122
1650,1624,10440469,122
1651,1625,1630437,122
1652,1626,306225,122
1653,1627,4522887,122
1654,1628,4029825,122
1655,1629,1612901,122
1656,1630,5017053,122
1657,1631,3809750,122
1658,1632,1121752,122
1659,1633,942321,122
1660,1634,135735,122
1661,1635,5168036,122
1662,1636,253570,123
1663,1637,72088,123
1664,1638,193678,123
1665,1639,83591,123
1666,1640,648489,123
1667,1641,185301,123
1668,1642,525121,123
1669,1643,149171,123
1670,1644,191465,123
1671,1645,123619,123
1672,1646,99650,123
1673,1647,79624,123
1674,1648,143194,123
1675,1651,7536252,126
1676,1652,964103,126
1677,1653,1243588,126
1678,1654,1268021,126
1679,1655,762224,126
1680,1656,4800120,126
1681,1657,1908563,126
1682,1658,2037158,126
1683,1659,1979072,126
1684,1660,2752377,126
1685,1661,5248712,126
1686,1662,5393222,126
1687,1663,2980006,126
1688,1664,1134896,126
1689,1665,1227284,126
1690,1666,894122,126
1691,1667,1558618,126
1692,1668,9348627,126
1693,1669,702528,126
1694,1670,1712418,126
1695,1671,2637477,126
1696,1672,1791768,126
1697,1673,2298641,126
1698,1674,1094071,126
1699,1675,2039955,126
1700,1676,1195774,126
1701,1677,1368858,126
1702,1678,2236326,126
1703,1679,1134606,126
1704,1680,1881636,126
1705,1681,1240310,126
1706,1682,8482595,126
1707,1683,813113,126
1708,1684,7524110,126
1709,1685,1479470,126
1710,1686,657267,126
1711,1687,3706593,126
1712,1688,1993096,126
1713,1689,724743,126
1714,1690,14108422,126
1715,1691,548483,126
1716,1692,1050397,126
1717,1693,6378768,126
1718,1694,903242,126
1719,1695,1077861,126
1720,1696,1334491,126
1721,1697,830577,126
1722,40235,8771,128
1723,40236,4892,128
1724,40237,27148,128
1725,40238,5033,128
1726,40239,8229,128
1727,40240,5074,128
1728,40241,3153,128
1729,40242,4848,128
1730,40243,4277,128
1731,40244,8307,128
1732,40245,7849,128
1733,40274,10761,128
1734,1701,172884,130
1735,1702,505042,130
1736,1703,155574,130
1737,1704,272936,130
1738,1705,2721095,130
1739,1706,100325,130
1740,1707,1309442,130
1741,1708,219013,130
1742,1709,124528,130
1743,1710,174373,130
1744,1711,407789,130
1745,1712,1007918,130
1746,900748,551,130
1747,900749,173918,130
1748,900750,155549,130
1749,900751,502354,130
1750,900752,275712,130
1751,900753,412358,130
1752,900754,95660,130
1753,900755,2645809,130
1754,900756,1280288,130
1755,900757,222303,130
1756,900758,126044,130
1757,900759,169659,130
1758,900760,1088207,130
1759,1714,1482035,132
1760,1715,899787,132
1761,1716,2649245,132
1762,1717,517196,132
1763,1718,1079395,132
1764,1719,1361323,132
1765,1720,765729,132
1766,1721,814767,132
1767,1723,1299,132
1768,1724,792824,132
1769,1725,707292,132
1770,1726,754308,132
1771,1727,1287522,132
1772,1728,3145590,132
1773,1729,592128,132
1774,37157,1240079,132
1775,51325,5225910,133
1776,51326,4542205,133
1777,51327,7101890,133
1778,51328,4794712,133
1779,51329,6006451,133
1780,51330,6909402,133
1781,51331,14802196,133
1782,51332,5664667,133
1783,1739,80890,135
1784,1740,12238,136
1785,1741,1103317,137
1786,1742,718683,137
1787,1743,352532,137
1788,1744,368073,137
1789,1745,994854,137
1790,1746,446845,138
1791,1747,801640,138
1792,1748,1116837,138
1793,1749,278375,138
1794,1750,1476922,138
1795,1751,236133,138
1796,1752,434718,138
1797,900006,941895,138
1798,901034,543580,138
1799,901035,935575,138
1800,901036,802773,138
1801,901037,431248,138
1802,901038,1239296,138
1803,901039,277803,138
1804,901040,1311792,138
1805,901041,172936,138
1806,901042,238339,138
1807,1753,168370,139
1808,1754,206047,139
1809,1755,409112,139
1810,1756,813261,139
1811,1757,346839,139
1812,1758,461698,139
1813,1759,488996,139
1814,1760,220962,139
1815,1761,375457,139
1816,1762,214100,139
1817,1763,469644,139
1818,1764,1031530,139
1819,1765,407813,139
1820,1766,151869,139
1821,1767,507210,139
1822,1768,1038374,139
1823,1770,305036,139
1824,900620,171318,139
1825,900621,201306,139
1826,900622,397875,139
1827,900623,811140,139
1828,900624,344318,139
1829,900625,465062,139
1830,900626,217135,139
1831,900627,490803,139
1832,900628,379825,139
1833,900629,214794,139
1834,900630,466350,139
1835,900631,1031581,139
1836,900632,154329,139
1837,900633,435068,139
1838,900634,1045512,139
1839,900635,405886,139
1840,900636,95919,139
1841,900637,289015,139
1842,1771,45457,140
1843,1772,26440,140
1844,1773,28404,140
1845,1774,52409,140
1846,1775,66795,140
1847,1776,155451,140
1848,1777,41791,140
1849,1778,27554,140
1850,1779,55380,140
1851,1780,112964,140
1852,1781,34996,140
1853,1782,38726,140
1854,1783,126766,140
1855,1784,41146,140
1856,1785,33895,140
1857,1786,45402,140
1858,1787,71389,140
1859,1788,39430,140
1860,1789,77838,140
1861,1790,1023273,140
1862,1791,39317,140
1863,1792,51441,140
1864,1793,62867,140
1865,1794,34928,140
1866,1795,59012,140
1867,1796,59668,140
1868,1797,1074649,141
1869,1798,750658,141
1870,1799,1288369,141
1871,1800,1063598,141
1872,1801,4124162,141
1873,1802,748308,141
1874,900940,525813,141
1875,900941,547475,141
1876,900942,859870,141
1877,900943,1142210,141
1878,900944,197609,141
1879,900945,1263276,141
1880,900946,4551461,141
1881,900947,748632,141
1882,1803,280000,142
1883,1804,108273,142
1884,1805,275413,142
1885,1806,163250,142
1886,1807,457137,142
1887,1808,160780,142
1888,1809,113851,142
1889,1810,69205,142
1890,1811,117149,142
1891,1812,127004,142
1892,900903,277254,142
1893,900904,106095,142
1894,900905,274490,142
1895,900906,162746,142
1896,900907,455937,142
1897,900908,161417,142
1898,900909,112722,142
1899,900910,68017,142
1900,900911,119258,142
1901,900912,126685,142
1902,1814,96098,144
1903,1815,380891,144
1904,1816,112371,144
1905,1817,259905,144
1906,1818,163733,144
1907,1819,177347,144
1908,1820,56319,144
1909,1821,337274,144
1910,1822,253968,144
1911,1823,188504,144
1912,1824,1650558,144
1913,1825,561329,144
1914,1826,98096,144
1915,1827,87020,144
1916,1828,129042,144
1917,900818,96094,144
1918,900819,385192,144
1919,900820,112669,144
1920,900821,262512,144
1921,900822,164280,144
1922,900823,178024,144
1923,900824,56286,144
1924,900825,337632,144
1925,900826,297017,144
1926,900827,184689,144
1927,900828,1601899,144
1928,900829,560134,144
1929,900830,87368,144
1930,900831,97244,144
1931,900832,129047,144
1932,1829,220977,145
1933,1830,236008,145
1934,1831,468846,145
1935,1832,252290,145
1936,1833,63932,145
1937,1834,142553,145
1938,1835,61121,145
1939,1836,110208,145
1940,1837,122265,145
1941,1838,501242,145
1942,1839,584813,145
1943,1840,200160,145
1944,1841,132968,145
1945,1842,446031,145
1946,1843,56265,145
1947,1844,97625,145
1948,1845,345008,145
1949,1846,163090,145
1950,1847,526122,145
1951,1848,106254,145
1952,1849,281458,145
1953,1850,1495338,145
1954,1851,193902,145
1955,1852,64403,145
1956,1853,62534,145
1957,900169,1982109,145
1958,900170,4409369,145
1959,900171,543938,145
1960,1854,3505,146
1961,1855,3760,146
1962,1856,1789,146
1963,1857,3713,146
1964,1859,385,146
1965,1860,2546,146
1966,1861,6812,146
1967,1862,997,146
1968,1863,5377,146
1969,1864,3185,146
1970,1865,5101,146
1971,1866,132185,147
1972,1867,537876,147
1973,1868,312403,147
1974,1869,142540,147
1975,1870,212417,147
1976,1871,264860,147
1977,1872,85296,147
1978,1873,124874,147
1979,1874,130728,147
1980,1875,803823,147
1981,1876,90711,148
1982,1877,72192,148
1983,1878,427941,148
1984,1879,334464,149
1985,1881,1282684,150
1986,899979,1880099,150
1987,899980,1868129,150
1988,899981,1626528,150
1989,899982,1096587,150
1990,899983,963281,150
1991,899984,500428,150
1992,899985,736679,150
1993,899986,602915,150
1994,899987,1215854,150
1995,899988,959647,150
1996,899989,639608,150
1997,899990,1149517,150
1998,899991,349991,150
1999,899992,1358919,150
2000,899993,1665412,150
2001,899994,770083,150
2002,899995,1186285,150
2003,899996,1209090,150
2004,899997,4712812,150
2005,899998,703646,150
2006,899999,1169854,150
2007,1886,254397,151
2008,1887,4909,151
2009,1888,8165615,152
2010,1889,2437645,152
2011,1890,7836225,152
2012,65268,58305,152
2013,1891,4080453,153
2014,1892,2195807,153
2015,1893,1663027,153
2016,1894,1919540,153
2017,1895,979721,153
2018,1896,1188450,153
2019,1897,1693568,153
2020,1898,2671151,153
2021,1899,364885,153
2022,1900,1789588,153
2023,1901,4286625,153
2024,1902,2862941,153
2025,1903,7339454,153
2026,1904,1139171,153
2027,37336,81695,153
2028,1905,1245,154
2029,1906,1999,154
2030,1907,3694,154
2031,1908,2811,154
2032,1909,1350,154
2033,1910,1816,154
2034,1911,5777,154
2035,1913,11839,154
2036,1914,9738,154
2037,1915,22946,154
2038,1916,7415,154
2039,1917,290,154
2040,1918,93581,154
2041,1919,887,154
2042,1920,2967,154
2043,1921,31305,154
2044,1922,35385,154
2045,1923,6016,154
2046,1924,11846,154
2047,1925,408,154
2048,1926,3297870,155
2049,1927,924890,155
2050,1928,2970281,155
2051,1929,134999,155
2052,1930,4498833,155
2053,1931,2904703,155
2054,1932,3370514,155
2055,1933,4073320,155
2056,1934,1100504,155
2057,1935,13041,156
2058,1936,4614,156
2059,1937,1602,156
2060,1938,18604,156
2061,1939,10275,156
2062,1940,3913,156
2063,1941,3072,156
2064,1942,7068,156
2065,1943,2253,156
2066,1944,1354,156
2067,1945,2795,156
2068,1946,825,156
2069,1947,5714,156
2070,1948,435,156
2071,1949,4688,156
2072,1950,2875,156
2073,1951,2003,156
2074,1952,9000,156
2075,1953,3146,156
2076,1954,3168,156
2077,1955,2209,156
2078,1956,2012,156
2079,1957,1200,156
2080,1958,4067,156
2081,1959,7984,156
2082,1960,5196,156
2083,1961,10792,156
2084,1962,4283,156
2085,1963,847,156
2086,1964,9415,156
2087,1965,9688,156
2088,1966,12812,156
2089,1967,3016,156
2090,1968,10210,156
2091,1969,973,156
2092,1970,2303,156
2093,1971,11219,156
2094,1972,5039,156
2095,1973,1312,156
2096,1974,3595,156
2097,1975,2680,156
2098,1976,21817,156
2099,1977,3809,156
2100,1978,17453,156
2101,1979,3729,156
2102,1980,2181,156
2103,1981,1792,156
2104,1982,8939,156
2105,1983,641,156
2106,1984,21309,156
2107,1985,2879,156
2108,1986,7378,156
2109,1987,4326,156
2110,1988,11737,156
2111,1989,11983,156
2112,1990,8796,156
2113,1992,5807,156
2114,1993,2731,156
2115,1994,3227,156
2116,1995,3710,156
2117,1996,1265,156
2118,1997,18063,156
2119,1998,2301,156
2120,1999,15261,156
2121,2000,11291,156
2122,2001,11634,156
2123,2002,15075,157
2124,61297,152047,158
2125,61298,87720,158
2126,61299,137116,158
2127,61300,27803,158
2128,2004,60434,159
2129,2005,388147,159
2130,2006,362545,159
2131,2007,145552,159
2132,2008,399024,159
2133,2009,340605,159
2134,2010,607156,159
2135,2011,359382,159
2136,2012,26302,159
2137,2013,1323601,159
2138,2014,84151,159
2139,2015,61365,159
2140,2016,283578,159
2141,2017,41874,160
2142,2018,71051,160
2143,2019,149581,160
2144,2020,111910,160
2145,2021,145944,160
2146,2022,161773,160
2147,2023,299306,160
2148,2024,100928,160
2149,2025,120142,160
2150,2026,58921,160
2151,2027,244991,161
2152,2028,1438517,162
2153,2029,3820720,162
2154,2030,1000070,162
2155,2031,965076,162
2156,2032,6066871,162
2157,2033,3785521,162
2158,2034,3776506,162
2159,2035,858666,162
2160,2036,8291424,162
2161,2037,1507274,162
2162,2038,6961241,162
2163,2039,4012308,162
2164,2040,3910604,162
2165,2041,9584610,162
2166,2042,19391718,162
2167,2043,5248037,162
2168,2044,2175043,162
2169,2045,1331111,162
2170,2046,10225363,162
2171,2047,4509202,162
2172,2048,7147472,162
2173,2049,2450455,162
2174,2050,1820942,162
2175,2051,2955712,162
2176,2052,3071978,162
2177,2053,3303019,162
2178,2054,2800526,162
2179,2055,3851549,162
2180,2056,1198093,162
2181,2057,8552809,162
2182,2058,2285543,162
2183,2059,1812907,162
2184,2060,75321,163
2185,2062,365195,165
2186,2063,268185,165
2187,2064,968994,165
2188,2066,644794,165
2189,2067,226021,165
2190,2068,95750,165
2191,2069,250873,165
2192,2070,212963,165
2193,2071,304557,165
2194,2072,165591,165
2195,2073,190801,165
2196,2074,15618,166
2197,2075,73583,167
2198,2076,79556,167
2199,2077,67514,167
2200,2078,49566,167
2201,2079,89359,167
2202,2081,63361,167
2203,2082,75876,167
2204,2083,29821,167
2205,2084,14109,167
2206,2085,44689,167
2207,2086,59265,167
2208,2087,66967,167
2209,2088,108493,167
2210,2089,79248,167
2211,2090,102372,167
2212,2091,90317,167
2213,2092,99041,167
2214,2093,46300,167
2215,2094,163411,167
2216,2095,1662950,167
2217,2096,59572,167
2218,2097,47039,167
2219,2099,0,168
2220,2101,3751,168
2221,2102,0,168
2222,2103,1424,168
2223,2107,2553928,169
2224,2109,2195235,169
2225,2111,3902271,169
2226,147326,2187743,169
2227,147327,2285240,169
2228,147328,1972653,169
2229,147329,2177519,169
2230,147330,4472122,169
2231,147331,408385,169
2232,147332,13167,169
2233,147334,2891132,169
2234,147335,3804375,169
2235,147336,1681020,169
2236,147337,3200112,169
2237,147338,1858213,169
2238,2112,2206379,170
2239,2113,1537490,170
2240,2114,1506590,170
2241,2115,2373039,170
2242,2116,3361023,170
2243,2118,6041088,170
2244,2119,2173210,170
2245,2120,2342891,170
2246,2121,3541113,170
2247,2122,5799362,170
2248,65246,792,170
2249,900948,2213619,170
2250,900949,1537099,170
2251,900950,1506354,170
2252,900951,2373043,170
2253,900952,2173898,170
2254,900953,1185816,170
2255,900954,6033348,170
2256,900955,2175542,170
2257,900956,2338644,170
2258,900957,3539624,170
2259,900958,5791179,170
2260,2123,1709287,171
2261,2125,489770,171
2262,2126,5646072,171
2263,2127,1797659,171
2264,2128,1491362,171
2265,2129,279702,171
2266,2130,3508238,171
2267,2131,6150727,171
2268,2132,1656399,171
2269,2133,5190848,171
2270,2135,1328637,171
2271,2136,7914096,171
2272,41772,2726134,171
2273,41773,1886870,171
2274,41774,1004778,171
2275,41775,2672162,171
2276,41776,2569344,171
2277,2137,102944,172
2278,2138,206805,172
2279,2139,92017,172
2280,2140,84698,172
2281,2141,239803,172
2282,2142,454656,172
2283,2143,105283,172
2284,2144,260450,172
2285,2145,75826,172
2286,2146,257002,172
2287,2147,192897,172
2288,2148,205542,172
2289,2149,157033,172
2290,900789,206805,172
2291,900790,92028,172
2292,900791,84697,172
2293,900792,153794,172
2294,900793,85894,172
2295,900794,453948,172
2296,900795,105279,172
2297,900796,260740,172
2298,900797,76483,172
2299,900798,256717,172
2300,900799,192897,172
2301,900800,205552,172
2302,900801,157179,172
2303,900802,102944,172
2304,2150,8944,173
2305,2152,16911950,175
2306,2153,10198572,175
2307,2154,4520264,175
2308,2155,3802970,175
2309,2156,5327262,175
2310,900611,8351672,175
2311,900612,8011970,175
2312,900613,10775634,175
2313,900614,2339121,175
2314,900615,5245639,175
2315,900616,1496256,175
2316,900617,4538300,175
2317,2157,233423,176
2318,2158,498950,177
2319,2159,457154,177
2320,2160,654555,177
2321,2161,2097706,177
2322,2162,583525,177
2323,2163,1100597,177
2324,2164,2581649,177
2325,2165,2748551,177
2326,2166,1172022,177
2327,2167,1297860,177
2328,2168,372003,177
2329,2169,3579061,177
2330,2170,264618,178
2331,2171,1451083,179
2332,2172,271086,179
2333,2173,554707,179
2334,2174,42167,179
2335,2175,149209,179
2336,2176,142621,179
2337,2177,151229,179
2338,2178,209183,179
2339,2179,94262,179
2340,2180,113969,179
2341,2181,452850,179
2342,2182,221612,179
2343,2183,483415,179
2344,2184,33173,179
2345,2185,619237,180
2346,2186,449205,180
2347,2187,182147,180
2348,2188,190084,180
2349,2189,612487,180
2350,2190,163762,180
2351,2191,246059,180
2352,2192,166032,180
2353,2193,586131,180
2354,2194,202974,180
2355,2195,173080,180
2356,2196,1614080,180
2357,2197,366661,180
2358,2198,677964,180
2359,2199,289204,180
2360,2200,155328,180
2361,2201,183033,180
2362,900306,632677,180
2363,900307,460954,180
2364,900308,175709,180
2365,900309,194772,180
2366,900310,426515,180
2367,900311,170229,180
2368,900312,250031,180
2369,900313,185332,180
2370,900314,533248,180
2371,900315,386274,180
2372,900316,182001,180
2373,900317,1573883,180
2374,900318,387588,180
2375,900319,643417,180
2376,900320,304456,180
2377,900321,173965,180
2378,900322,180821,180
2379,900323,798,180
2380,900324,8960,180
2381,900325,5839,180
2382,2202,674368,181
2383,2203,904299,181
2384,2204,2591308,181
2385,2205,4626975,181
2386,2206,860146,181
2387,2207,4962566,181
2388,2208,4073952,181
2389,2209,5240045,181
2390,2211,4720506,182
2391,2212,6002878,182
2392,2213,6052565,182
2393,2215,6380416,182
2394,2216,6665573,182
2395,2217,4038308,182
2396,2218,6329250,182
2397,2219,4709544,182
2398,2221,4852673,182
2399,2222,6018503,182
2400,2223,6440410,182
2401,2224,9229149,182
2402,2225,14720211,182
2403,2226,8710396,182
2404,2227,4960011,182
2405,2228,4968103,182
2406,2229,3526921,182
2407,2230,13913346,182
2408,2231,6251004,182
2409,2232,5957684,182
2410,2234,5246210,182
2411,2235,8730682,182
2412,2239,3404102,182
2413,2240,3723164,182
2414,65698,4188430,182
2415,65699,7277541,182
2416,65700,2637165,182
2417,65701,3195131,182
2418,65702,3594953,182
2419,65703,4804191,182
2420,65704,3693908,182
2421,65705,2794109,182
2422,65706,5178734,182
2423,65707,4765661,182
2424,65708,7949246,182
2425,65709,5659268,182
2426,65710,4970598,182
2427,2241,1344,183
2428,2242,1855,184
2429,2243,38076,185
2430,2244,632081,186
2431,2245,115822,186
2432,2246,280853,186
2433,2247,72168,186
2434,2248,198130,186
2435,2249,516076,186
2436,2250,249605,186
2437,2251,135867,186
2438,2252,231587,186
2439,2253,284070,186
2440,2254,189307,186
2441,2255,653077,186
2442,2256,455589,186
2443,2257,319461,186
2444,2258,106303,186
2445,2259,163400,186
2446,2260,160365,186
2447,2261,169466,186
2448,2262,248870,186
2449,2263,645940,187
2450,2264,357374,187
2451,2265,1023650,187
2452,2266,311559,187
2453,2267,154560,187
2454,2268,357281,187
2455,2269,38062,187
2456,2270,824068,187
2457,2271,63841,187
2458,2272,8437124,188
2459,2273,5024530,188
2460,2274,2043437,188
2461,2275,32483002,188
2462,2276,127789936,188
2463,2277,50012388,188
2464,900437,8442613,188
2465,900438,5147824,188
2466,900439,2030453,188
2467,900440,32342482,188
2468,900441,127576128,188
2469,900442,50432956,188
2470,2278,20505,189
2471,2280,171709,191
2472,2281,469563,191
2473,2282,268425,191
2474,2283,282642,191
2475,2284,32787,191
2476,2285,57873,191
2477,2286,114195,191
2478,2287,96859,191
2479,2288,2088117,191
2480,2289,246727,191
2481,93671,12252,191
2482,93672,218534,191
2483,2290,470781,192
2484,2291,774569,192
2485,2292,338071,192
2486,2293,564981,192
2487,2294,629887,192
2488,2295,768226,192
2489,2296,116335,192
2490,2297,682638,192
2491,2298,51380,192
2492,2299,321767,192
2493,2300,809775,192
2494,2301,171699,192
2495,2302,196278,192
2496,2303,245691,192
2497,2304,289923,192
2498,2305,1086696,192
2499,2306,266169,192
2500,2307,247644,192
2501,2308,209114,192
2502,2309,921505,192
2503,73915,117,193
2504,2311,21044,194
2505,2312,886060,194
2506,2313,182729,194
2507,2314,68758,194
2508,2315,578109,194
2509,2316,191284,194
2510,2317,258731,194
2511,2318,2823791,194
2512,2319,255079,194
2513,2320,319692,194
2514,2321,226041,194
2515,2322,625377,194
2516,2323,118591,194
2517,2324,90257,194
2518,2325,258014,194
2519,2326,157266,194
2520,2327,434781,194
2521,900593,20924,194
2522,900594,885884,194
2523,900595,181681,194
2524,900596,536784,194
2525,900597,68812,194
2526,900598,576740,194
2527,900599,191397,194
2528,900600,257743,194
2529,900601,2310570,194
2530,900602,254271,194
2531,900603,308258,194
2532,900604,227398,194
2533,900605,625217,194
2534,900606,120319,194
2535,900607,90724,194
2536,900608,260431,194
2537,900609,143416,194
2538,900610,435037,194
2539,2328,439445,195
2540,2329,1195224,195
2541,2330,436916,195
2542,2331,1589651,195
2543,2332,806608,195
2544,2333,1574890,195
2545,2334,1314741,195
2546,2335,1407077,195
2547,2336,591163,195
2548,2337,918579,195
2549,2338,899251,195
2550,2339,1615716,195
2551,2340,2103919,195
2552,2341,1337472,195
2553,2342,11507831,195
2554,2343,1175803,195
2555,2344,182008,195
2556,2345,203216,195
2557,2346,370094,195
2558,2347,2041497,195
2559,2348,1598051,195
2560,2349,1034584,195
2561,2350,388683,195
2562,2351,257267,195
2563,2352,626386,195
2564,900326,341885,195
2565,900327,1196662,195
2566,900328,437009,195
2567,900329,1589643,195
2568,900330,807165,195
2569,900331,1574480,195
2570,900332,1408860,195
2571,900333,590763,195
2572,900334,918561,195
2573,900335,899203,195
2574,900336,1611489,195
2575,900337,2103833,195
2576,900338,1337455,195
2577,900339,11494791,195
2578,900340,1187872,195
2579,900341,182644,195
2580,900342,203199,195
2581,900343,371133,195
2582,900344,2041249,195
2583,900345,1324950,195
2584,900346,1580947,195
2585,900347,1121233,195
2586,900348,388653,195
2587,900349,257296,195
2588,900350,624741,195
2589,900351,20356,195
2590,2354,2069372,196
2591,2355,13284224,196
2592,2356,5414310,196
2593,2357,3888356,196
2594,2361,6403587,196
2595,2362,7594074,196
2596,2363,7783571,196
2597,2364,4553738,196
2598,2368,2894846,196
2599,67156,2394812,196
2600,67159,3783631,196
2601,67160,5548736,196
2602,67161,5500515,196
2603,67162,4954196,196
2604,67165,11366997,196
2605,67166,15810283,196
2606,67167,3323769,196
2607,2369,74,197
2608,2370,3184339,198
2609,2371,2136265,198
2610,2372,2476170,198
2611,2373,2158316,198
2612,2374,1035919,198
2613,2375,3451207,198
2614,2376,5484502,198
2615,2377,974541,198
2616,2378,2164785,198
2617,2379,1193194,198
2618,2380,2372963,198
2619,2381,4559978,198
2620,2382,1234092,198
2621,2383,1475115,198
2622,2384,3561034,198
2623,2385,1745472,198
2624,2386,696656,199
2625,2387,145632,199
2626,2388,836429,199
2627,2389,127286,199
2628,2390,187375,199
2629,2391,418174,199
2630,2392,162246,199
2631,2393,497095,199
2632,2394,147594,199
2633,2405,477429,199
2634,2406,2335946,199
2635,2407,112670,199
2636,2408,1797644,199
2637,2409,450694,199
2638,2410,888613,199
2639,2411,237696,199
2640,2412,189706,199
2641,2413,373373,199
2642,900693,3708,199
2643,900694,14282,199
2644,900695,12382,199
2645,900696,50152,199
2646,900697,4507,199
2647,900698,5637,199
2648,900699,7225,199
2649,900700,134791,199
2650,900701,418,199
2651,900746,254397,199
2652,900747,4909,199
2653,2414,420943,200
2654,2415,397424,200
2655,2416,845800,200
2656,2417,517637,200
2657,2418,418661,200
2658,2419,333359,200
2659,2420,348431,200
2660,2421,347491,200
2661,2422,1798419,201
2662,2423,16515,201
2663,2424,108359,201
2664,2425,847398,201
2665,2426,702068,201
2666,2427,2744655,201
2667,2428,47700,201
2668,2429,173037,201
2669,2430,246363,201
2670,2431,560923,202
2671,2432,1627128,202
2672,2433,2582544,202
2673,2434,1839294,202
2674,2435,2733372,202
2675,2436,2117536,202
2676,2437,1581253,202
2677,2438,412462,202
2678,2439,16296123,202
2679,2440,2816446,202
2680,2441,4795431,202
2681,2442,2449047,202
2682,2443,8282900,202
2683,2444,2149375,202
2684,2445,726037,202
2685,2446,311572,203
2686,2447,406845,203
2687,2448,572787,203
2688,2449,546869,203
2689,2450,569702,203
2690,2451,258861,203
2691,2452,363166,203
2692,2453,283173,203
2693,2454,503884,203
2694,2455,2256627,203
2695,2456,412061,203
2696,2457,14330736,203
2697,2458,270012,203
2698,2459,666662,203
2699,2460,697108,203
2700,2461,185318,203
2701,2462,497372,203
2702,2463,615757,203
2703,2464,469939,203
2704,2465,1028364,203
2705,2466,305466,203
2706,2467,292744,203
2707,2468,370075,203
2708,2469,512862,203
2709,2470,734351,203
2710,2471,446293,203
2711,2472,255455,203
2712,2473,511837,203
2713,2474,409415,203
2714,2475,401686,203
2715,2476,682430,203
2716,2477,185688,203
2717,2478,327624,203
2718,2479,376427,203
2719,2480,585480,203
2720,2481,355518,203
2721,2482,695699,203
2722,2483,192023,203
2723,2484,357686,203
2724,2485,332921,203
2725,2486,297870,203
2726,2487,461276,204
2727,2488,74759,204
2728,2489,208109,204
2729,2490,2220187,204
2730,2491,751199,204
2731,2492,1054918,204
2732,2493,979642,204
2733,2494,4040329,204
2734,2495,1543975,204
2735,2496,1156564,204
2736,2497,960101,204
2737,2498,1549644,204
2738,2499,3312304,204
2739,2500,974420,204
2740,2501,46163,204
2741,2502,1178063,204
2742,2503,3108279,204
2743,2504,15829,204
2744,2505,372799,204
2745,2506,2137267,204
2746,2507,980308,204
2747,2508,805590,204
2748,2509,909948,204
2749,2510,276324,204
2750,2511,985167,204
2751,2512,261088,204
2752,2513,531435,204
2753,2514,563969,204
2754,2515,2593564,204
2755,2516,1218947,204
2756,2517,521752,204
2757,2518,1601823,204
2758,2519,1161381,204
2759,2520,773639,204
2760,2521,107372,204
2761,2522,16361,204
2762,2523,587545,204
2763,2524,5304553,204
2764,2525,2445941,204
2765,2526,794342,204
2766,2527,1008636,204
2767,2528,283704,204
2768,2529,4437423,204
2769,2530,1128629,204
2770,2531,129426,204
2771,2532,659768,204
2772,2533,809322,204
2773,2534,10889254,204
2774,2535,9808951,204
2775,2536,686571,204
2776,2537,35580,204
2777,2538,40060,204
2778,2539,3029260,204
2779,2540,571127,204
2780,2541,2629372,204
2781,2542,1857244,204
2782,2543,1867747,204
2783,2544,708837,204
2784,2545,1307984,204
2785,2546,2320619,204
2786,2547,1780842,204
2787,2548,580320,204
2788,2549,4125665,204
2789,2550,1077050,204
2790,2551,969603,204
2791,2552,428461,204
2792,2553,3185439,204
2793,2554,2358558,204
2794,2555,2361506,204
2795,2556,665202,204
2796,2557,911002,204
2797,2558,2858877,204
2798,2559,4074293,204
2799,2560,994281,204
2800,2561,3780808,204
2801,2562,198806,204
2802,2563,1050160,204
2803,2564,1400064,204
2804,2565,1288993,204
2805,2566,1407450,204
2806,2567,310645,204
2807,2568,1464366,204
2808,2569,1187562,204
2809,2570,112873,204
2810,2571,1312597,204
2811,2572,2509568,204
2812,2573,1123830,204
2813,2574,2279644,204
2814,2575,550608,204
2815,2576,1214124,204
2816,2577,177090,204
2817,2587,1678618,205
2818,21969,3802753,205
2819,21971,1944491,205
2820,21972,3163773,205
2821,21973,2964457,205
2822,900110,1678618,205
2823,900111,3801277,205
2824,900112,1944491,205
2825,900113,2966698,205
2826,900114,3162960,205
2827,2590,336294,206
2828,2591,612342,206
2829,68772,653,207
2830,68773,2918,207
2831,68774,245,207
2832,2593,2984,208
2833,2594,2702,208
2834,2595,14833,208
2835,2596,3255,208
2836,2597,3442,208
2837,2598,3613,208
2838,2599,4168,208
2839,2600,2526,208
2840,2601,1946,208
2841,2602,1922,208
2842,2603,6386,208
2843,2604,3604,208
2844,2605,2776,208
2845,2606,2329,208
2846,2607,9251,209
2847,2608,19639,209
2848,2609,15934,209
2849,2610,12030,209
2850,2611,12095,209
2851,2612,24916,209
2852,2613,13173,209
2853,2614,14128,209
2854,2615,49388,209
2855,39511,484,210
2856,39512,4590,210
2857,61285,11735,211
2858,61286,27067,211
2859,61287,15496,211
2860,61288,6557,211
2861,61289,37565,211
2862,61290,7242,211
2863,2618,195643,212
2864,2619,31119,213
2865,2620,7864,214
2866,2621,199011,214
2867,2622,2177873,215
2868,2623,470906,215
2869,2624,6007200,215
2870,2625,835262,215
2871,2626,915375,215
2872,2627,1864951,215
2873,2628,2358110,215
2874,2629,9309473,215
2875,2630,625415,215
2876,2631,661279,215
2877,2632,1567057,215
2878,2633,9774916,215
2879,2634,630096,215
2880,1374,189637,217
2881,1376,560619,217
2882,1378,732785,217
2883,2636,3564394,217
2884,2639,1089034,217
2885,2640,836975,217
2886,2643,840673,217
2887,2644,2159998,217
2888,2645,674742,217
2889,47585,1805723,217
2890,47586,870655,217
2891,47587,1083208,217
2892,47588,722509,217
2893,47589,1033504,217
2894,2646,903,218
2895,61135,510,220
2896,61136,3,220
2897,61137,4128,220
2898,61138,3710,220
2899,61139,6749,220
2900,61140,4563,220
2901,61141,3,220
2902,61142,34,220
2903,61143,24,220
2904,61144,6114,220
2905,61145,4446,220
2906,61146,4318,220
2907,61147,2548,220
2908,61148,3555,220
2909,61150,3,220
2910,61153,4832,220
2911,61154,419,220
2912,61155,48,220
2913,61156,17,220
2914,61157,97,220
2915,61159,574,220
2916,61160,5,220
2917,61161,2,220
2918,61163,10,220
2919,61164,3585,220
2920,61165,16,220
2921,61166,13,220
2922,61167,7,220
2923,61168,3275,220
2924,61169,3786,220
2925,61170,3,220
2926,61174,2,220
2927,61178,3319,220
2928,61179,3045,220
2929,61182,2,220
2930,61183,1993,220
2931,61184,962,220
2932,61186,5,220
2933,61187,2,220
2934,61188,5070,220
2935,61189,1,220
2936,61190,1956,220
2937,61191,2,220
2938,61192,3432,220
2939,61193,8591,220
2940,61194,5,220
2941,61196,1535,220
2942,61199,66,220
2943,61200,3974,220
2944,61202,2,220
2945,61203,3,220
2946,61204,506,220
2947,61205,2539,220
2948,61206,35,220
2949,61207,26,220
2950,2654,1490953,221
2951,2655,2347497,221
2952,2656,1579966,221
2953,2657,1322377,221
2954,900443,1490969,221
2955,900444,1123868,221
2956,900445,1157808,221
2957,900446,1579240,221
2958,900447,1376027,221
2959,2658,864476,222
2960,2659,284994,222
2961,2660,275322,222
2962,2661,76222,222
2963,2662,597494,222
2964,2663,562750,222
2965,2664,82559,222
2966,2665,1362315,222
2967,2666,230854,222
2968,2667,663481,223
2969,2668,598349,223
2970,2669,812391,223
2971,2670,680086,223
2972,2671,855682,223
2973,2672,585737,223
2974,2673,549417,223
2975,2674,691109,223
2976,2675,214982,224
2977,2676,115510,224
2978,2677,163082,224
2979,2678,71992,224
2980,2679,54095,224
2981,2680,117528,224
2982,2681,609682,224
2983,2682,340695,224
2984,2683,116856,224
2985,2684,275307,224
2986,2685,71487,224
2987,2686,43115,224
2988,2687,621131,225
2989,901048,34129,225
2990,901049,83061,225
2991,901050,32326,225
2992,901051,26634,225
2993,901052,3563,225
2994,901053,156659,225
2995,901054,140522,225
2996,901055,49450,225
2997,901056,19746,225
2998,901057,71006,225
2999,2688,443336,226
3000,2689,457293,226
3001,2690,570049,226
3002,2691,915520,226
3003,2692,1274247,226
3004,2693,486355,226
3005,2694,485328,226
3006,2695,484721,226
3007,2696,571379,226
3008,2697,1262265,226
3009,2698,350372,226
3010,2699,762966,226
3011,2700,515369,226
3012,2701,184349,226
3013,2702,398792,226
3014,2703,217952,226
3015,2704,596905,226
3016,2705,1039158,226
3017,2706,6879225,227
3018,2707,2824715,227
3019,2708,15705442,227
3020,2709,11000057,227
3021,2710,4820184,227
3022,2711,4124037,227
3023,2712,1372028,227
3024,2714,7338736,227
3025,77312,5845645,227
3026,2716,9236179,229
3027,2717,1486894,229
3028,2718,1081627,229
3029,2719,1353441,229
3030,2720,2338324,229
3031,2721,617057,229
3032,2722,2620826,229
3033,2723,2498414,229
3034,2724,8517981,229
3035,2725,56473,229
3036,2726,5883099,229
3037,2727,1145920,229
3038,2728,2736387,229
3039,2729,7478887,229
3040,2730,86671,229
3041,2731,1739835,229
3042,2732,734495,229
3043,2733,2245291,229
3044,2734,361257,229
3045,2736,2694516,231
3046,2737,1627248,231
3047,2738,1392458,231
3048,2739,2535496,231
3049,2740,972551,231
3050,2741,2038398,231
3051,2742,2576782,231
3052,2743,1337916,231
3053,2744,6131115,231
3054,2771,13804,233
3055,2772,42815,233
3056,2773,18839,233
3057,2774,20130,233
3058,2775,30277,233
3059,2776,40522,233
3060,2777,222504,233
3061,2778,19457,233
3062,2779,40910,233
3063,2780,170123,233
3064,2781,3060,234
3065,2782,311560,235
3066,2783,223584,235
3067,2784,364208,235
3068,2785,196711,235
3069,900889,309578,235
3070,900890,216295,235
3071,900891,356749,235
3072,900892,213441,235
3073,2786,142122,236
3074,2787,281005,236
3075,2788,273904,236
3076,2789,53073,236
3077,2790,305037,236
3078,2791,126622,236
3079,2792,329673,236
3080,2793,222815,236
3081,2794,198038,236
3082,2795,237566,236
3083,2796,294481,236
3084,2797,452573,236
3085,2798,1373278,236
3086,2799,282352,236
3087,2800,2338700,236
3088,2801,364772,236
3089,2802,275309,236
3090,2803,260946,236
3091,2804,237158,236
3092,2805,276066,236
3093,2806,1660737,236
3094,2807,678483,237
3095,2808,61416,237
3096,2809,17142,237
3097,2810,277150,237
3098,2811,181233,237
3099,2812,1042788,237
3100,2813,330426,237
3101,2814,480398,237
3102,2815,41311,237
3103,2816,212636,237
3104,2817,77989,237
3105,2818,413552,237
3106,2819,179548,237
3107,2820,46614,237
3108,2821,38410,237
3109,2822,523933,237
3110,2823,77520,237
3111,2824,178862,237
3112,2825,270283,237
3113,2826,279402,237
3114,2827,347439,237
3115,2828,35979,237
3116,2829,365017,237
3117,2830,846595,237
3118,2831,115111,237
3119,2832,1582063,237
3120,2833,158768,238
3121,2834,6147426,238
3122,2835,491237,238
3123,2836,1724533,238
3124,2837,4084149,238
3125,2838,1331481,238
3126,2839,1660002,238
3127,2840,1923430,238
3128,2841,1868970,238
3129,2842,2256498,238
3130,2843,1890747,238
3131,2844,1112788,238
3132,2845,1207755,238
3133,2846,902038,238
3134,900218,1886976,238
3135,900219,6192280,238
3136,900220,1183939,238
3137,900221,458678,238
3138,900222,2086260,238
3139,900223,1345374,238
3140,900224,1597199,238
3141,900225,2005366,238
3142,900226,2227411,238
3143,900227,1888516,238
3144,900228,1179213,238
3145,900229,185398,238
3146,900230,3739261,238
3147,900231,925288,238
3148,2847,214377,239
3149,2848,3353981,239
3150,2849,2693636,239
3151,2850,3120327,239
3152,900725,3030778,239
3153,900726,212888,239
3154,900727,3507002,239
3155,900728,2622910,239
3156,2851,225000,240
3157,2852,241769,240
3158,2853,10736320,240
3159,2854,1085560,240
3160,2855,839071,240
3161,2856,261849,240
3162,2857,854760,240
3163,2858,499133,240
3164,2859,2018603,240
3165,2860,1215623,240
3166,2861,2295465,240
3167,2862,476991,240
3168,2863,740465,240
3169,2864,942061,240
3170,2865,904871,240
3171,2866,1746761,240
3172,2867,374139,240
3173,2868,689133,240
3174,2869,430238,240
3175,2870,501040,240
3176,2871,803824,240
3177,2872,211076,240
3178,2873,722163,240
3179,2874,413626,240
3180,2875,260270,240
3181,2876,1118299,240
3182,2877,498848,240
3183,2878,2465562,240
3184,2879,903396,240
3185,2880,1434398,240
3186,2881,473518,240
3187,2882,674310,240
3188,2883,484325,240
3189,2884,775850,240
3190,2885,2286271,240
3191,2886,2585951,240
3192,2887,621689,240
3193,2888,700872,240
3194,2889,278692,240
3195,2890,466728,240
3196,2891,347261,240
3197,2892,914678,240
3198,2893,517134,240
3199,2894,521292,240
3200,2895,1048524,240
3201,2896,787710,240
3202,2897,511157,240
3203,2898,1006656,240
3204,2899,473889,240
3205,2900,387634,240
3206,2901,807381,240
3207,2902,1276662,240
3208,2903,940345,240
3209,2904,665546,240
3210,2905,849214,240
3211,2906,3167703,240
3212,2907,1691852,240
3213,2908,163524,240
3214,2909,901241,240
3215,2910,300394,240
3216,2911,921180,240
3217,2912,148630,240
3218,2913,1729540,240
3219,2914,665259,240
3220,2915,822671,240
3221,2916,1182497,240
3222,2917,959975,240
3223,2918,574847,240
3224,2919,274903,240
3225,2920,596449,240
3226,2921,1797516,240
3227,2922,1125714,240
3228,2923,292990,240
3229,2924,419995,240
3230,2925,448639,240
3231,2926,422501,240
3232,2927,19173,241
3233,2928,104550,241
3234,2929,39362,241
3235,2930,20852,241
3236,2931,17945,241
3237,2932,9523,241
3238,2933,35372,241
3239,2934,144245,241
3240,2935,44168,241
3241,2936,61402,241
3242,2937,52562,241
3243,2938,10425,241
3244,2939,22871,241
3245,2940,10543,241
3246,2941,127302,241
3247,2942,26449,241
3248,2943,57033,241
3249,2944,92546,241
3250,2945,14872,241
3251,2946,34267,241
3252,2947,17147,241
3253,2948,620748,241
3254,2949,51927,241
3255,2950,68963,241
3256,2951,90621,241
3257,2952,27803,241
3258,2953,200241,241
3259,2954,18582,241
3260,2955,69556,241
3261,2956,19169,241
3262,2957,75380,242
3263,2958,66674,242
3264,2959,131267,242
3265,2960,108523,242
3266,2961,73352,242
3267,2962,373990,242
3268,2963,146858,242
3269,2964,67541,242
3270,2965,79978,242
3271,2966,57587,242
3272,2967,54768,242
3273,2968,77275,242
3274,2969,85038,242
3275,2970,856597,243
3276,2971,947859,243
3277,2972,3763904,243
3278,2973,1805151,243
3279,2974,1205850,243
3280,2975,269,244
3281,2976,93606,245
3282,901043,75282,245
3283,901044,8599,245
3284,901045,3931,245
3285,901046,4766,245
3286,901047,3060,245
3287,2977,33960,246
3288,2978,99956,246
3289,2979,188878,246
3290,2980,98792,246
3291,2981,97101,246
3292,2982,22037,246
3293,2983,25907,246
3294,2984,105371,246
3295,2985,38541,246
3296,2986,45749,246
3297,2987,145595,246
3298,2988,83054,246
3299,2989,88723,246
3300,2990,62720,246
3301,2991,225068,246
3302,2993,807822,248
3303,2994,651605,248
3304,2995,611920,248
3305,2996,295392,248
3306,2997,394370,248
3307,2998,346668,248
3308,2999,409728,248
3309,3000,575638,248
3310,3001,457198,248
3311,3002,169705,248
3312,3003,245601,248
3313,3004,422220,248
3314,3005,481426,248
3315,3006,591739,248
3316,3007,500747,248
3317,3008,853691,248
3318,3009,1005064,248
3319,3010,451570,248
3320,3011,213272,248
3321,3012,766022,248
3322,3013,158256,248
3323,3014,111109,248
3324,3015,952921,248
3325,3016,191858,248
3326,3017,1677556,249
3327,3018,568721,249
3328,3019,640740,249
3329,3020,591743,249
3330,3021,358806,249
3331,3022,298611,249
3332,3023,5965401,249
3333,3024,2044705,249
3334,3025,90473,249
3335,3026,136074,249
3336,3027,984812,249
3337,3028,1215652,249
3338,3029,156720,249
3339,3030,608562,249
3340,3031,60123,249
3341,3032,265370,249
3342,3033,264299,249
3343,3034,270346,249
3344,3035,685949,249
3345,3036,271833,249
3346,3037,3281792,249
3347,3038,545814,249
3348,3039,127554,249
3349,3040,517622,249
3350,3041,1106949,249
3351,3042,1664312,249
3352,3043,383654,249
3353,3044,575242,249
3354,3045,165526,249
3355,3046,617748,249
3356,3047,747476,249
3357,3048,2173225,249
3358,3049,385588,249
3359,3050,106338,249
3360,3051,309645,249
3361,3052,1710205,249
3362,3053,1750276,249
3363,3054,192702,249
3364,3055,480687,249
3365,3056,15305372,249
3366,3057,4202959,249
3367,3058,1238846,249
3368,3059,258332,249
3369,3060,255676,249
3370,3061,269278,249
3371,3062,351440,249
3372,3063,1562945,249
3373,3064,131641,249
3374,3065,244994,249
3375,3066,338033,249
3376,3067,192332,249
3377,3068,1433658,249
3378,3069,2116548,249
3379,3070,593845,249
3380,3071,688447,249
3381,3072,1570367,249
3382,3073,706153,249
3383,3074,900592,249
3384,3075,383920,249
3385,3076,304420,249
3386,3077,325125,249
3387,3078,612264,249
3388,3079,506899,249
3389,3080,295465,249
3390,3081,972097,249
3391,3082,1322517,249
3392,3083,1956183,249
3393,3084,383685,249
3394,3085,182626,249
3395,3086,554054,249
3396,3087,622941,249
3397,3088,979490,249
3398,3089,499989,249
3399,3090,618508,249
3400,3091,70616,249
3401,3092,376570,249
3402,3093,1230793,249
3403,3094,279872,249
3404,3095,370158,249
3405,3096,645984,249
3406,900071,296861,249
3407,900072,389088,249
3408,3097,1963327,250
3409,3098,728,250
3410,3099,2169268,250
3411,3100,2017170,250
3412,147322,824158,250
3413,147323,2904355,250
3414,39497,5031,251
3415,39498,43,251
3416,39499,880,251
3417,39500,34129,251
3418,39501,85,251
3419,39502,861,251
3420,3103,6930,252
3421,743,145949,253
3422,744,147579,253
3423,745,223554,253
3424,747,256390,253
3425,749,495456,253
3426,750,155774,253
3427,752,235765,253
3428,753,147660,253
3429,756,412160,253
3430,757,107624,253
3431,759,196236,253
3432,762,226741,253
3433,764,296499,253
3434,766,115981,253
3435,767,162708,253
3436,768,275965,253
3437,774,312500,253
3438,775,180324,253
3439,777,167461,253
3440,778,142684,253
3441,779,80555,253
3442,780,214104,253
3443,781,132758,253
3444,782,450128,253
3445,784,143242,253
3446,787,285685,253
3447,788,242114,253
3448,789,213292,253
3449,790,251349,253
3450,852,259619,253
3451,1080,261344,253
3452,1082,130395,253
3453,1086,176736,253
3454,1235,254018,253
3455,1241,319709,253
3456,1344,284595,253
3457,1360,197705,253
3458,1361,442218,253
3459,1364,245616,253
3460,1365,361001,253
3461,1366,292916,253
3462,1368,271546,253
3463,1372,112679,253
3464,3104,245583,253
3465,3105,458139,253
3466,3107,471145,253
3467,3108,256158,253
3468,3109,258875,253
3469,3110,448997,253
3470,3111,538745,253
3471,3112,735949,253
3472,3114,521375,253
3473,3115,581048,253
3474,3117,66740,253
3475,3121,802497,253
3476,3123,1092624,253
3477,3124,174263,253
3478,3125,292376,253
3479,3128,306218,253
3480,3131,341422,253
3481,3136,115968,253
3482,3140,468717,253
3483,3141,564625,253
3484,3142,473358,253
3485,3143,590661,253
3486,3145,296992,253
3487,42179,599294,253
3488,42180,541874,253
3489,42181,277851,253
3490,42182,1703930,253
3491,42183,524150,253
3492,42184,276508,253
3493,42185,412050,253
3494,42186,218644,253
3495,42187,532583,253
3496,42188,350438,253
3497,42189,581324,253
3498,42191,121112,253
3499,42192,298248,253
3500,42193,744533,253
3501,42194,224237,253
3502,42195,216672,253
3503,42196,203079,253
3504,42197,343609,253
3505,42198,278721,253
3506,42199,367888,253
3507,42200,2955566,253
3508,42201,669784,253
3509,47067,181993,253
3510,47068,330964,253
3511,47069,936301,253
3512,47070,122446,253
3513,47071,306527,253
3514,47072,277834,253
3515,47073,622070,253
3516,47074,153358,253
3517,47075,288617,253
3518,47076,561473,253
3519,47077,120067,253
3520,47078,197180,253
3521,47079,415296,253
3522,47080,256555,253
3523,47081,215389,253
3524,47082,473914,253
3525,47083,527146,253
3526,47084,419549,253
3527,47085,596124,253
3528,47086,527431,253
3529,47087,365293,253
3530,47088,877806,253
3531,47089,235479,253
3532,47090,625858,253
3533,3148,1201471,254
3534,3149,997205,254
3535,3150,888612,254
3536,3151,3165377,254
3537,3152,4104172,254
3538,3153,1360047,254
3539,3154,2643945,254
3540,3155,1036749,254
3541,3156,1240215,254
3542,3157,913675,254
3543,3158,2268457,254
3544,3159,4554350,254
3545,3160,2466961,254
3546,3161,2092817,254
3547,3162,1123834,254
3548,3163,2296586,254
3549,3164,1360709,254
3550,3165,1160145,254
3551,3166,1070249,254
3552,3167,1041478,254
3553,3168,1540284,254
3554,3169,1018949,254
3555,3170,1237725,254
3556,3171,1709692,254
3557,3172,1212219,254
3558,901189,5891,254
3559,901190,1921248,254
3560,901191,1197633,254
3561,901192,996486,254
3562,901193,889433,254
3563,901194,3163548,254
3564,901195,4107529,254
3565,901196,1371254,254
3566,901197,2629966,254
3567,901198,1042443,254
3568,901199,1245768,254
3569,901200,920244,254
3570,901201,1849108,254
3571,901202,2711463,254
3572,901203,2091675,254
3573,901204,2471192,254
3574,901205,1125754,254
3575,901206,2301162,254
3576,901207,1363979,254
3577,901208,1143768,254
3578,901209,354847,254
3579,901210,1062168,254
3580,901211,1031077,254
3581,901212,1538739,254
3582,901213,1022591,254
3583,901214,1242962,254
3584,901215,1705221,254
3585,901216,1204859,254
3586,3173,2543787,255
3587,3174,378633,255
3588,3176,259882,255
3589,3177,3385713,255
3590,3179,356428,255
3591,3180,1915638,255
3592,3181,80135,255
3593,3182,56326596,256
3594,3183,1935034,256
3595,3184,5400544,256
3596,3186,3164106,256
3597,48357,2118226,257
3598,48358,6797387,257
3599,48359,2462155,257
3600,48360,1042202,257
3601,48361,2879419,257
3602,48362,2584598,257
3603,48363,1878805,257
3604,48364,918929,257
3605,48365,1847542,257
3606,48366,2113585,257
3607,48367,3382174,257
3608,48368,2686667,257
3609,48369,1378781,257
3610,48370,3392117,257
3611,48371,214217,257
3612,48372,234271,257
3613,48373,1323554,257
3614,48374,1303382,257
3615,48375,1635583,257
3616,48376,1814837,257
3617,48377,1657386,257
3618,48378,199868,257
3619,48379,133404,257
3620,48380,2923197,257
3621,48381,2438957,257
3622,48382,791970,257
3623,115002,2500254,257
3624,115005,730545,257
3625,115007,748775,257
3626,115010,2067893,257
3627,901091,2120710,257
3628,901092,308,257
3629,901093,6775538,257
3630,901094,2462155,257
3631,901095,1042202,257
3632,901096,2860147,257
3633,901097,135737,257
3634,901098,2575669,257
3635,901099,10059,257
3636,901100,1883886,257
3637,901101,925783,257
3638,901102,1847382,257
3639,901103,161,257
3640,901104,2085001,257
3641,901105,3382089,257
3642,901106,652,257
3643,901107,2686667,257
3644,901108,1385551,257
3645,901109,3320529,257
3646,901110,219376,257
3647,901111,234261,257
3648,901112,1340070,257
3649,901113,1301178,257
3650,901114,1634257,257
3651,901115,1508,257
3652,901116,1814837,257
3653,901117,1657386,257
3654,901118,201495,257
3655,901119,133791,257
3656,901120,2923197,257
3657,901121,2454083,257
3658,901122,792735,257
3659,901123,2487538,257
3660,901124,730236,257
3661,901125,748581,257
3662,901126,2066160,257
3663,39508,45981,258
3664,39509,3243,258
3665,39510,44547,258
3666,3214,5191865,259
3667,3215,620886,259
3668,3216,8112810,259
3669,3217,3239515,259
3670,3218,41256584,259
3671,3219,5962775,259
3672,3220,3720350,259
3673,3221,1030815,259
3674,3222,629736,259
3675,3223,22065414,259
3676,3224,11700530,259
3677,3225,1496350,259
3678,3226,1925299,259
3679,3227,13424962,259
3680,3228,6976236,259
3681,3229,3201752,259
3682,3230,3050434,259
3683,3231,4700656,259
3684,3232,4711725,259
3685,3233,1368284,259
3686,3234,6263914,259
3687,3235,6684780,259
3688,3236,9850076,259
3689,3237,5774067,259
3690,3238,3146735,259
3691,3239,6471185,259
3692,3240,1094977,259
3693,3241,1967141,259
3694,3242,3679318,259
3695,3243,1402466,259
3696,3244,9112832,259
3697,3245,2366893,259
3698,3246,19519200,259
3699,3247,11423758,259
3700,3248,711997,259
3701,3249,11793917,259
3702,3250,4101661,259
3703,3251,4298142,259
3704,3252,13191632,259
3705,3253,1038265,259
3706,3254,5382778,259
3707,3255,898333,259
3708,3256,7145182,259
3709,3257,30903234,259
3710,3258,3454359,259
3711,3259,639630,259
3712,3260,9184652,259
3713,3261,7628863,259
3714,3262,1924865,259
3715,3263,6037723,259
3716,3264,648637,259
3717,3265,67258,260
3718,3266,483578,260
3719,3267,82955,260
3720,3268,133971,260
3721,3269,63365,260
3722,3270,24508,260
3723,3271,68932,260
3724,3272,56947,260
3725,3273,201483,260
3726,3274,1395217,260
3727,3275,113578,260
3728,3276,57409,260
3729,3277,94333,260
3730,3278,64288,260
3731,3279,127397,260
3732,3280,115646,260
3733,3281,75712,260
3734,3282,77196,260
3735,3283,46842,260
3736,3284,3175498,261
3737,3285,1958035,261
3738,3286,3769986,261
3739,3287,2226075,261
3740,3288,3175019,261
3741,3289,1374363,261
3742,3291,2786875,261
3743,3292,3658928,261
3744,3293,2578470,261
3745,3294,757255,261
3746,3295,4470132,261
3747,39696,1520000,261
3748,39697,1273923,261
3749,39698,960510,261
3750,3296,36647,262
3751,3297,34186,262
3752,3298,57097,262
3753,3299,109625,262
3754,3300,35487,262
3755,3301,10145,262
3756,3302,191411,263
3757,3303,1752298,263
3758,3304,548448,263
3759,3305,1758434,263
3760,3306,1042759,263
3761,3307,1607595,263
3762,3308,2722530,263
3763,3309,412969,263
3764,3310,437090,263
3765,3311,160,263
3766,3313,1046904,263
3767,3314,876221,263
3768,3315,2003319,263
3769,3316,949339,263
3770,3317,3070577,263
3771,3318,1128056,263
3772,3319,584655,263
3773,3320,1039808,263
3774,3321,1003913,263
3775,3322,1368478,263
3776,3323,768622,263
3777,3324,711988,263
3778,3325,4505731,263
3779,67152,443832,263
3780,67153,1993767,263
3781,900864,1667,263
3782,900865,181170,263
3783,900866,1735711,263
3784,900867,548293,263
3785,900868,1896913,263
3786,900869,1040127,263
3787,900870,1732274,263
3788,900871,2605572,263
3789,900872,385474,263
3790,900873,417030,263
3791,900874,1795086,263
3792,900875,1089785,263
3793,900876,850651,263
3794,900877,2037683,263
3795,900878,890922,263
3796,900879,3151965,263
3797,900880,1078060,263
3798,900881,584815,263
3799,900882,880827,263
3800,900883,1003967,263
3801,900884,1313689,263
3802,900885,791773,263
3803,900886,620081,263
3804,900887,771013,263
3805,900888,4572638,263
3806,3326,2248205,264
3807,3327,1253461,264
3808,3328,317682,264
3809,3329,1627390,264
3810,3330,1017464,264
3811,3331,1115602,264
3812,3332,1205117,264
3813,3333,1496438,264
3814,3334,3286866,264
3815,3335,1195930,264
3816,3336,1281172,264
3817,3337,1406332,264
3818,3338,525601,264
3819,3339,1306021,264
3820,3340,1130715,264
3821,3341,2104479,264
3822,3342,3183986,264
3823,3343,1783864,264
3824,3344,1656266,264
3825,3345,881501,264
3826,3346,774598,264
3827,3347,4728633,264
3828,3348,3429768,264
3829,3349,1180039,264
3830,3350,1763585,264
3831,3351,2016754,264
3832,3352,10529452,264
3833,3353,848494,264
3834,3354,1198252,264
3835,3355,1211225,264
3836,3356,1817297,264
3837,3357,671850,264
3838,3358,711529,264
3839,3359,1436867,264
3840,3360,769957,264
3841,3361,641627,264
3842,3362,1611051,264
3843,3364,1710725,264
3844,3366,2959568,264
3845,3367,910296,264
3846,3368,637414,264
3847,3369,630956,264
3848,3370,946227,264
3849,3371,895542,264
3850,3372,1467530,264
3851,3374,1230812,264
3852,3375,1201171,264
3853,3376,629941,264
3854,3377,1436239,264
3855,3378,1338925,264
3856,3379,1184688,264
3857,3380,1741240,264
3858,3381,1218435,264
3859,3382,3290658,264
3860,3383,1110539,264
3861,3384,1749220,264
3862,3386,1042075,264
3863,3387,786187,264
3864,3388,1040338,264
3865,3389,1155985,264
3866,3390,813442,264
3867,73935,746609,264
3868,73936,625168,264
3869,73937,758130,264
3870,3392,9145,266
3871,3405,129020,268
3872,3406,343550,268
3873,3407,681492,269
3874,3408,730999,269
3875,3409,904615,269
3876,3410,886361,269
3877,3411,3252374,269
3878,3412,672230,269
3879,3413,140873,269
3880,3414,764046,269
3881,3415,1362579,269
3882,3416,2041192,269
3883,3417,1621133,269
3884,3418,2276157,269
3885,3419,3251632,269
3886,3420,1131682,269
3887,3421,369711,269
3888,3422,1062154,269
3889,3423,1515061,269
3890,3424,725795,269
3891,3425,3677933,269
3892,144969,2484321,269
3893,144971,605513,269
3894,900100,1546533,269
3895,900101,68506,269
3896,3426,1865425,270
3897,3427,2563662,270
3898,3428,2350251,270
3899,3429,1646831,270
3900,3430,3433613,270
3901,3431,1062814,270
3902,3432,2502844,270
3903,3433,2172996,270
3904,3434,1105713,270
3905,900844,2353527,270
3906,900845,2543962,270
3907,900846,2192417,270
3908,900847,1700751,270
3909,900848,3145909,270
3910,900849,1024729,270
3911,900850,1097024,270
3912,900851,1577608,270
3913,900852,1971047,270
3914,900853,1097174,270
3915,3435,614966,271
3916,3436,2225199,271
3917,3437,1914223,271
3918,3438,1292657,271
3919,3439,1647866,271
3920,3440,1774241,271
3921,3441,1634994,271
3922,3442,804416,271
3923,3443,707490,271
3924,3444,1740232,271
3925,900969,596908,271
3926,900970,2207247,271
3927,900971,1914312,271
3928,900972,1295233,271
3929,900973,1663327,271
3930,900974,1772553,271
3931,900975,1634180,271
3932,900976,823341,271
3933,900977,707569,271
3934,900978,1741996,271
3935,900448,4821404,272
3936,900449,4815640,272
3937,900450,14223611,272
3938,900451,1861847,272
3939,900452,3838147,272
3940,900453,10583504,272
3941,900454,1281873,272
3942,900455,3983771,272
3943,900456,52787976,272
3944,900457,33750228,272
3945,900458,40196216,272
3946,900459,5250259,272
3947,900460,4488419,272
3948,900461,2791372,272
3949,900462,4298422,272
3950,900463,863461,272
3951,900464,1642937,272
3952,900465,2569684,272
3953,900466,8761476,272
3954,900467,2073768,272
3955,900468,1593433,272
3956,900469,5189439,272
3957,900470,5692876,272
3958,900471,6727432,272
3959,900472,1471021,272
3960,900473,8257070,272
3961,900474,1708740,272
3962,900475,9173308,272
3963,900476,3325101,272
3964,900477,3028146,272
3965,900478,2788770,272
3966,900479,5562879,272
3967,900480,8144866,272
3968,900481,14643092,272
3969,901127,5698834,273
3970,901128,2745433,273
3971,901129,1886719,273
3972,901130,482329,273
3973,901131,1805449,273
3974,901132,283781,273
3975,901133,1478011,273
3976,901134,3510242,273
3977,901135,5682088,273
3978,901136,1716794,273
3979,901137,465523,273
3980,901138,1757553,273
3981,901139,5175998,273
3982,901140,959790,273
3983,901141,2703580,273
3984,901142,2588819,273
3985,901143,1342827,273
3986,901144,8097011,273
3987,900979,210243,274
3988,900980,137938,274
3989,900981,312374,274
3990,900982,344850,274
3991,900983,318476,274
3992,900984,220945,274
3993,900985,693665,274
3994,900986,660009,274
3995,900987,465848,274
3996,900988,588065,274
3997,900989,742780,274
3998,900990,752347,274
3999,900991,621040,274
4000,900992,527929,1
4001,900993,271678,1
4002,900994,52667,1
4003,900995,201981,1
4004,900996,315771,1
4005,900997,300997,1
4006,900998,293543,1
4007,900999,595309,1
4008,901000,569125,1
4009,900566,5408557,1
4010,900567,5619389,1
4011,900568,5613278,1
4012,900569,4923109,1
4013,900570,3903285,1
4014,900571,11902244,1
4015,900572,16135074,1
4016,900573,3341951,1
4017,900574,6401025,1
4018,900575,7733827,1
4019,900576,7954864,1
4020,900577,4556300,1
4021,900578,3855502,1
4022,900579,2352652,1
4023,900580,2037931,1
4024,900581,2904155,1
4025,900582,12630167,1
4026,900583,402501,1
4027,900584,31943,1
4028,900585,128096,1
4029,900586,339982,1
4030,900587,36823,1
4031,900588,33804,1
4032,900589,35154,1
4033,900590,111060,1
4034,900591,57030,1
4035,900592,10193,1
4036,900729,1142167,1
4037,900730,189678,1
4038,900731,836208,1
4039,900732,715490,1
4040,900733,845617,1
4041,900734,2157667,1
4042,900735,673444,1
4043,900736,1036923,1
4044,900737,3550802,1
4045,900738,887575,1
4046,900739,1800081,1
4047,900740,706238,1
4048,900741,1121055,1
4049,900742,561292,1
4050,900007,322219,1
4051,900008,702938,1
4052,900009,423665,1
4053,900010,373903,1
4054,900011,288999,1
4055,900012,675388,1
4056,900013,221336,1
4057,900014,384642,1
4058,900015,399592,1
4059,900016,369495,1
4060,900017,388374,1
4061,900018,132389,1
4062,900019,531187,1
4063,900020,132381,1
4064,900021,234020,1
4065,900022,168769,1
4066,900023,133223,1
4067,900024,2298,1
4068,900065,3635559,2
4069,900066,2114818,3
4070,25350,6575,3
4071,25351,51821,3
4072,25352,30965,3
4073,25353,33014,3
4074,25354,10820,3
4075,25355,25435,3
4076,25356,24389,3
4077,25357,17361,3
4078,25358,10038,3
4079,25359,24292,3
4080,25360,6505,3
4081,25361,67997,3
4082,25362,19065,3
4083,25363,21755,3
4084,25364,2607,3
4085,25365,203727,3
4086,25366,21495,3
4087,25367,1859,3
4088,25368,15271,3
4089,25369,16988,3
4090,25370,3840,3
4091,25371,107019,3
4092,25372,169793,3
4093,25373,1751545,3
4094,25374,195798,3
4095,25375,650380,3
4096,25376,263554,3
4097,25377,164817,3
4098,25378,808818,3
4099,25379,255810,3
4100,25380,194253,3
4101,25381,269015,3
4102,25382,203385,3
4103,25383,374208,3
4104,25384,128745,3
4105,25385,392311,4
4106,25386,81224,4
4107,25387,187934,4
4108,25388,203338,4
4109,25389,442666,4
4110,25390,227347,4
4111,25391,328244,4
4112,25392,174295,4
4113,25393,130131,4
4114,25394,168806,4
4115,25395,294617,4
4116,25396,290429,4
4117,25397,91957,4
4118,25398,104328,4
4119,25399,161944,4
4120,25400,265341,4
4121,910,6473819,4
4122,40776,13075,4
4123,40777,6347,4
4124,900744,19916,4
4125,900745,17945,4
4126,2745,4447847,4
4127,2749,1225169,4
4128,2752,2420762,4
4129,2753,7276568,4
4130,2755,897832,4
4131,2756,2833342,4
4132,2757,3422315,4
4133,2758,1526465,4
4134,2761,1488753,4
4135,2762,1615072,4
4136,2763,876947,4
4137,2764,4641505,4
4138,2767,1697752,4
4139,2769,747983,4
4140,2770,2270283,4
4141,40772,2459995,4
4142,899977,539914,4
4143,899978,2199179,4
4144,900115,1225190,4
4145,900116,539919,4
4146,900117,2203285,4
4147,900118,1524586,4
4148,900119,2420095,4
4149,900120,7275686,4
4150,900121,1488938,4
4151,900122,3422378,4
4152,900123,2834384,4
4153,900124,897855,5
4154,900125,2457168,7
4155,900126,1616303,7
4156,900127,4640930,7
4157,900128,875850,7
4158,900129,747883,7
4159,900130,1693540,7
4160,900131,2270352,7
4161,900132,4449172,8
4162,1158,345339,8
4163,1159,6225901,8
4164,1160,6410425,8
4165,1161,3462443,8
4166,1162,5075627,8
4167,1163,4944628,8
4168,1164,9672744,8
4169,1165,4249546,8
4170,1166,5528551,8
4171,1167,8535794,8
4172,1168,5549157,8
4173,1169,241079,8
4174,1170,1267138,8
4175,1171,665981,8
4176,1172,7027654,8
4177,1173,1528554,8
4178,1174,4561194,8
4179,1175,3072110,9
4180,1176,702460,9
4181,1177,1427901,9
4182,1178,170555,9
4183,1179,3408728,9
4184,1180,494205,9
4185,1181,2624456,9
4186,1182,469470,9
4187,1183,4909534,9
4188,61524,3215795,11
4189,900913,8564020,11
4190,900914,4958331,11
4191,900915,689920,11
4192,900916,653423,11
4193,900917,1442489,11
4194,900918,6476197,11
4195,900919,6975891,12
4196,900920,5579485,12
4197,900921,3433864,12
4198,900922,4991226,12
4199,900923,4241538,12
4200,900924,6183436,12
4201,900925,1346752,12
4202,900926,9632177,12
4203,900927,3102898,12
4204,900928,3425665,12
4205,900929,5493424,12
4206,900930,4608131,12
4207,900931,4904986,12
4208,900932,2137441,12
4209,900933,1527507,12
4210,900934,3695964,12
4211,900935,345794,12
4212,900936,240320,12
4213,900937,511991,12
4214,900938,468212,12
4215,900939,167745,12
4216,40408,3723843,12
4217,40409,1151814,12
4218,40422,153070,12
4219,40423,157422,13
4220,40424,1758610,13
4221,40425,1758620,13
4222,40426,630329,13
4223,40427,1019884,13
4224,40428,595960,13
4225,40429,2105058,13
4226,40430,681130,13
4227,40431,6356669,13
4228,900806,1151814,13
4229,900807,3723843,13
4230,900808,153070,13
4231,900809,157422,13
4232,900810,1758610,13
4233,900811,1758620,13
4234,900812,630329,13
4235,900813,1019884,13
4236,900814,595960,13
4237,900815,2105058,13
4238,900816,681130,13
4239,900817,6356669,13
4240,61033,33753,13
4241,0,0,14
4242,900893,1891413,15
4243,900894,6234771,15
4244,900895,2081572,15
4245,900896,900075,16
4246,900897,705925,17
4247,900898,969254,17
4248,900899,1526659,17
4249,900900,1082515,17
4250,900901,473114,17
4251,900902,956038,17
4252,2395,3708,17
4253,2397,4507,17
4254,2398,5637,17
4255,2399,7225,18
4256,2400,134791,18
4257,2401,418,18
4258,2402,14282,18
4259,2403,12382,18
4260,2404,50152,18
4261,925,23760158,18
4262,900195,8504,18
4263,900196,5610,18
4264,900197,21147,19
4265,900198,6717,19
4266,900199,5541,19
4267,900200,1429,19
4268,900201,1829,19
4269,900202,6894,19
4270,900203,10959,19
4271,900204,1432,19
4272,900232,751152,19
4273,900233,425451,19
4274,900234,406299,19
4275,900235,1997437,20
4276,900236,842003,21
4277,900237,520796,21
4278,900238,1041307,21
4279,900239,77645,21
4280,900240,372311,21
4281,900241,536313,21
4282,900242,709300,21
4283,900243,392039,21
4284,900244,712277,21
4285,900245,463862,21
4286,900246,1052110,21
4287,900247,761003,21
